-- phpMyAdmin SQL Dump
-- version 4.1.14
-- http://www.phpmyadmin.net
--
-- Host: 127.0.0.1
-- Generation Time: 2016-08-28 02:20:59
-- 服务器版本： 5.6.17
-- PHP Version: 5.5.12

SET SQL_MODE = "NO_AUTO_VALUE_ON_ZERO";
SET time_zone = "+00:00";


/*!40101 SET @OLD_CHARACTER_SET_CLIENT=@@CHARACTER_SET_CLIENT */;
/*!40101 SET @OLD_CHARACTER_SET_RESULTS=@@CHARACTER_SET_RESULTS */;
/*!40101 SET @OLD_COLLATION_CONNECTION=@@COLLATION_CONNECTION */;
/*!40101 SET NAMES utf8 */;

--
-- Database: `njutelec`
--

-- --------------------------------------------------------

--
-- 表的结构 `tp_auth`
--

CREATE TABLE IF NOT EXISTS `tp_auth` (
  `auth_id` smallint(5) unsigned NOT NULL AUTO_INCREMENT,
  `auth_name` char(8) NOT NULL COMMENT '权限名称',
  `auth_pid` smallint(5) unsigned NOT NULL COMMENT '父级权限id',
  `auth_module` varchar(8) NOT NULL COMMENT '模块名称',
  `auth_action` varchar(32) NOT NULL COMMENT '操作方法',
  `auth_path` varchar(8) NOT NULL COMMENT '全路径',
  `auth_level` tinyint(1) NOT NULL COMMENT '权限级别',
  PRIMARY KEY (`auth_id`)
) ENGINE=MyISAM  DEFAULT CHARSET=utf8 COMMENT='权限表' AUTO_INCREMENT=31 ;

--
-- 转存表中的数据 `tp_auth`
--

INSERT INTO `tp_auth` (`auth_id`, `auth_name`, `auth_pid`, `auth_module`, `auth_action`, `auth_path`, `auth_level`) VALUES
(1, '学生管理', 0, 'null', 'null', '1', 0),
(2, '系统管理', 0, 'null', 'null', '2', 0),
(5, '时间管理', 1, 'Time', 'showlist', '1-5', 1),
(6, '添加学生', 1, 'Student', 'addstudent', '1-6', 1),
(7, '登录信息', 1, 'Student', 'loginfo', '1-7', 1),
(8, '重置密码', 1, 'Student', 'resetpwd', '1-8', 1),
(20, '导出时间记录', 1, 'Time', 'outputtime', '1-20', 1),
(10, '分配导师', 1, 'Student', 'addteacher', '1-10', 1),
(11, '角色管理', 2, 'Role', 'showlist', '2-11', 1),
(12, '权限管理', 2, 'Auth', 'showlist', '2-12', 1),
(13, '管理员管理', 2, 'Manager', 'showlist', '2-13', 1),
(14, '添加角色', 11, 'Role', 'add', '2-11-14', 2),
(15, '导入成绩', 1, 'Score', 'inputscore', '1-15', 1),
(16, '学期设置', 2, 'Settings', 'setterm', '2-16', 1),
(17, '成绩查看', 1, 'Score', 'showlist', '1-17', 1),
(18, '添加管理员', 13, 'Manager', 'addmanager', '2-13-18', 2),
(19, '时间未填报统计', 1, 'Time', 'notfilltime', '1-19', 1),
(25, '辅导员班级调配', 2, 'Teacher', 'distribute', '2-25', 1),
(30, '导师管理员信息导', 2, 'Teacher', 'addTeaAdmin', '2-30', 1);

-- --------------------------------------------------------

--
-- 表的结构 `tp_classes`
--

CREATE TABLE IF NOT EXISTS `tp_classes` (
  `id` int(11) NOT NULL AUTO_INCREMENT,
  `classname` varchar(32) NOT NULL COMMENT '班级名',
  `nj` int(11) NOT NULL COMMENT '年级',
  PRIMARY KEY (`id`)
) ENGINE=MyISAM  DEFAULT CHARSET=utf8 COMMENT='班级表' AUTO_INCREMENT=19 ;

--
-- 转存表中的数据 `tp_classes`
--

INSERT INTO `tp_classes` (`id`, `classname`, `nj`) VALUES
(1, '测控1501', 15),
(2, '测控1502', 15),
(3, '电气1501', 15),
(4, '电气1502', 15),
(5, '电气1503', 15),
(6, '电智1501', 15),
(7, '电智1502', 15),
(8, '自1501', 15),
(9, '自1502', 15),
(10, '测控1501', 15),
(11, '测控1502', 15),
(12, '电气1501', 15),
(13, '电气1502', 15),
(14, '电气1503', 15),
(15, '电智1501', 15),
(16, '电智1502', 15),
(17, '自1501', 15),
(18, '自1502', 15);

-- --------------------------------------------------------

--
-- 表的结构 `tp_count`
--

CREATE TABLE IF NOT EXISTS `tp_count` (
  `id` int(8) unsigned NOT NULL,
  `num` int(32) NOT NULL
) ENGINE=MyISAM DEFAULT CHARSET=utf8;

--
-- 转存表中的数据 `tp_count`
--

INSERT INTO `tp_count` (`id`, `num`) VALUES
(0, 104);

-- --------------------------------------------------------

--
-- 表的结构 `tp_item`
--

CREATE TABLE IF NOT EXISTS `tp_item` (
  `itemid` int(11) NOT NULL AUTO_INCREMENT,
  `itemname` varchar(8) DEFAULT NULL COMMENT '填报类别',
  PRIMARY KEY (`itemid`)
) ENGINE=MyISAM  DEFAULT CHARSET=utf8 COMMENT='网站功能表' AUTO_INCREMENT=9 ;

--
-- 转存表中的数据 `tp_item`
--

INSERT INTO `tp_item` (`itemid`, `itemname`) VALUES
(1, '课堂学习'),
(2, '课外讲座'),
(3, '早晚自习'),
(4, '人际交往'),
(5, '体育锻炼'),
(6, '科技创新'),
(7, '上网游戏'),
(8, '内务卫生');

-- --------------------------------------------------------

--
-- 表的结构 `tp_loginfo`
--

CREATE TABLE IF NOT EXISTS `tp_loginfo` (
  `id` int(11) NOT NULL AUTO_INCREMENT,
  `stuid` int(64) NOT NULL,
  `stuname` varchar(64) NOT NULL COMMENT '学生姓名',
  `stuclass` varchar(32) NOT NULL,
  `logtime` datetime NOT NULL,
  `teacher` varchar(32) NOT NULL COMMENT '导师',
  `nj` int(32) NOT NULL COMMENT '年级',
  PRIMARY KEY (`id`)
) ENGINE=MyISAM  DEFAULT CHARSET=utf8 AUTO_INCREMENT=105 ;

--
-- 转存表中的数据 `tp_loginfo`
--

INSERT INTO `tp_loginfo` (`id`, `stuid`, `stuname`, `stuclass`, `logtime`, `teacher`, `nj`) VALUES
(1, 1503150101, '曹永芳', '测控1501', '2016-01-08 21:23:13', '易阳', 15),
(2, 1405140121, '王安宇', '计软1401', '2016-01-08 21:47:26', '', 0),
(3, 1405140121, '王安宇', '计软1401', '2016-01-08 21:47:39', '', 14),
(4, 1405140121, '王安宇', '计软1401', '2016-02-19 15:30:50', '', 14),
(5, 1405140121, '王安宇', '计软1401', '2016-02-20 10:59:15', '', 14),
(6, 1405140121, '王安宇', '计软1401', '2016-02-20 11:07:37', '', 14),
(7, 1405140121, '王安宇', '计软1401', '2016-02-20 11:07:40', '', 14),
(8, 1405140121, '王安宇', '计软1401', '2016-02-20 11:07:41', '', 14),
(9, 1405140121, '王安宇', '计软1401', '2016-02-20 11:09:42', '', 14),
(10, 1405140121, '王安宇', '计软1401', '2016-02-20 11:09:45', '', 14),
(11, 1405140121, '王安宇', '计软1401', '2016-02-20 11:11:21', '', 14),
(12, 1405140121, '王安宇', '计软1401', '2016-02-20 11:11:44', '', 14),
(13, 1405140121, '王安宇', '计软1401', '2016-02-20 11:11:46', '', 14),
(14, 1405140121, '王安宇', '计软1401', '2016-02-20 11:12:24', '', 14),
(15, 1405140121, '王安宇', '计软1401', '2016-02-20 11:13:43', '', 14),
(16, 1405140121, '王安宇', '计软1401', '2016-02-20 11:13:47', '', 14),
(17, 1405140121, '王安宇', '计软1401', '2016-02-20 11:14:48', '', 14),
(18, 1405140121, '王安宇', '计软1401', '2016-02-20 11:16:09', '', 14),
(19, 1405140121, '王安宇', '计软1401', '2016-02-20 11:16:11', '', 14),
(20, 1405140121, '王安宇', '计软1401', '2016-02-20 11:17:30', '', 14),
(21, 1405140121, '王安宇', '计软1401', '2016-02-20 11:17:33', '', 14),
(22, 1405140121, '王安宇', '计软1401', '2016-02-20 11:17:58', '', 14),
(23, 1405140121, '王安宇', '计软1401', '2016-02-20 11:18:06', '', 14),
(24, 1405140121, '王安宇', '计软1401', '2016-02-20 11:19:33', '', 14),
(25, 1405140121, '王安宇', '计软1401', '2016-02-20 11:24:11', '', 14),
(26, 1405140121, '王安宇', '计软1401', '2016-02-20 11:25:54', '', 14),
(27, 1405140121, '王安宇', '计软1401', '2016-02-20 11:26:04', '', 14),
(28, 1405140121, '王安宇', '计软1401', '2016-02-20 11:26:09', '', 14),
(29, 1405140121, '王安宇', '计软1401', '2016-02-20 11:26:12', '', 14),
(30, 1405140121, '王安宇', '计软1401', '2016-02-20 11:26:16', '', 14),
(31, 1405140121, '王安宇', '计软1401', '2016-02-20 11:26:21', '', 14),
(32, 1405140121, '王安宇', '计软1401', '2016-02-20 16:16:09', '', 14),
(33, 1503150101, '曹永芳', '测控1501', '2016-07-05 17:08:20', '', 0),
(34, 1503150102, '陈莹', '测控1501', '2016-07-05 17:24:48', '', 0),
(35, 1503150102, '陈莹', '测控1501', '2016-07-05 17:25:55', '', 0),
(36, 1503150102, '陈莹', '测控1501', '2016-07-05 17:26:51', '', 0),
(37, 1503150102, '陈莹', '测控1501', '2016-07-05 17:27:23', '', 0),
(38, 1503150102, '陈莹', '测控1501', '2016-07-05 18:11:45', '', 0),
(39, 1503150102, '陈莹', '测控1501', '2016-07-05 18:12:47', '', 0),
(40, 1503150102, '陈莹', '测控1501', '2016-07-05 18:13:34', '', 0),
(41, 1503150102, '陈莹', '测控1501', '2016-07-05 18:19:55', '谢明', 15),
(42, 1503150102, '陈莹', '测控1501', '2016-07-05 18:23:13', '谢明', 15),
(43, 1503150102, '陈莹', '测控1501', '2016-07-05 18:25:20', '谢明', 15),
(44, 1503150102, '陈莹', '测控1501', '2016-07-05 21:08:17', '谢明', 15),
(45, 1503150102, '陈莹', '测控1501', '2016-07-05 21:41:16', '谢明', 15),
(46, 1503150102, '陈莹', '测控1501', '2016-07-05 21:46:27', '谢明', 15),
(47, 1503150101, '曹永芳', '测控1501', '2016-07-05 23:04:12', '', 0),
(48, 1503150101, '曹永芳', '测控1501', '2016-07-05 23:04:20', '易阳', 15),
(49, 1503150101, '曹永芳', '测控1501', '2016-07-05 23:14:39', '易阳', 15),
(50, 1503150101, '曹永芳', '测控1501', '2016-07-05 23:59:07', '易阳', 15),
(51, 1503150101, '曹永芳', '测控1501', '2016-07-06 00:19:55', '易阳', 15),
(52, 1503150101, '曹永芳', '测控1501', '2016-07-06 10:57:19', '易阳', 15),
(53, 1503150101, '曹永芳', '测控1501', '2016-07-06 11:58:18', '易阳', 15),
(54, 1503150101, '曹永芳', '测控1501', '2016-07-06 14:20:36', '易阳', 15),
(55, 1503150101, '曹永芳', '测控1501', '2016-07-06 14:25:03', '易阳', 15),
(56, 1503150101, '曹永芳', '测控1501', '2016-07-06 14:55:18', '易阳', 15),
(57, 1503150101, '曹永芳', '测控1501', '2016-07-06 15:18:36', '易阳', 15),
(58, 1503150101, '曹永芳', '测控1501', '2016-07-06 15:21:16', '易阳', 15),
(59, 1503150101, '曹永芳', '测控1501', '2016-07-06 15:21:23', '易阳', 15),
(60, 1503150101, '曹永芳', '测控1501', '2016-07-06 15:24:41', '易阳', 15),
(61, 1503150101, '曹永芳', '测控1501', '2016-07-06 15:28:13', '易阳', 15),
(62, 1503150101, '曹永芳', '测控1501', '2016-07-06 15:28:19', '易阳', 15),
(63, 1503150101, '曹永芳', '测控1501', '2016-07-06 15:28:25', '易阳', 15),
(64, 1503150101, '曹永芳', '测控1501', '2016-07-06 15:30:01', '易阳', 15),
(65, 1503150101, '曹永芳', '测控1501', '2016-07-06 15:30:08', '易阳', 15),
(66, 1503150101, '曹永芳', '测控1501', '2016-07-06 15:30:14', '易阳', 15),
(67, 1503150101, '曹永芳', '测控1501', '2016-07-06 15:30:21', '易阳', 15),
(68, 1503150101, '曹永芳', '测控1501', '2016-07-06 15:30:26', '易阳', 15),
(69, 1503150101, '曹永芳', '测控1501', '2016-07-06 15:30:58', '易阳', 15),
(70, 1503150101, '曹永芳', '测控1501', '2016-07-06 15:32:09', '易阳', 15),
(71, 1503150101, '曹永芳', '测控1501', '2016-07-06 15:32:17', '易阳', 15),
(72, 1503150101, '曹永芳', '测控1501', '2016-07-06 15:32:23', '易阳', 15),
(73, 1503150101, '曹永芳', '测控1501', '2016-07-06 15:32:28', '易阳', 15),
(74, 1503150101, '曹永芳', '测控1501', '2016-07-06 15:32:41', '易阳', 15),
(75, 1503150101, '曹永芳', '测控1501', '2016-07-06 15:32:49', '易阳', 15),
(76, 1503150101, '曹永芳', '测控1501', '2016-07-06 15:35:31', '易阳', 15),
(77, 1503150101, '曹永芳', '测控1501', '2016-07-06 15:35:38', '易阳', 15),
(78, 1503150101, '曹永芳', '测控1501', '2016-07-06 15:35:43', '易阳', 15),
(79, 1503150101, '曹永芳', '测控1501', '2016-07-06 15:35:50', '易阳', 15),
(80, 1503150101, '曹永芳', '测控1501', '2016-07-06 15:35:56', '易阳', 15),
(81, 1503150101, '曹永芳', '测控1501', '2016-07-06 15:36:03', '易阳', 15),
(82, 1503150101, '曹永芳', '测控1501', '2016-07-06 15:38:35', '易阳', 15),
(83, 1503150101, '曹永芳', '测控1501', '2016-07-06 15:42:45', '易阳', 15),
(84, 1503150101, '曹永芳', '测控1501', '2016-07-06 20:23:04', '易阳', 15),
(85, 1503150101, '曹永芳', '测控1501', '2016-07-06 20:24:49', '易阳', 15),
(86, 1503150101, '曹永芳', '测控1501', '2016-07-06 20:24:53', '易阳', 15),
(87, 1503150101, '曹永芳', '测控1501', '2016-07-06 20:25:10', '易阳', 15),
(88, 1503150102, '陈莹', '测控1501', '2016-07-07 18:58:02', '谢明', 15),
(89, 1503150101, '曹永芳', '测控1501', '2016-07-07 18:58:24', '易阳', 15),
(90, 1503150103, '丁海静', '测控1501', '2016-07-07 19:03:06', '', 0),
(91, 1503150103, '丁海静', '测控1501', '2016-07-07 19:03:17', '张兴华', 15),
(92, 1503150113, '代晓俊', '测控1501', '2016-07-07 23:00:49', '', 0),
(93, 1503150113, '代晓俊', '测控1501', '2016-07-07 23:01:04', '王丽华', 15),
(94, 1503150113, '代晓俊', '测控1501', '2016-07-08 00:09:16', '王丽华', 15),
(95, 1503150126, '詹文博', '测控1501', '2016-07-08 00:10:26', '', 0),
(96, 1503150126, '詹文博', '测控1501', '2016-07-08 00:10:35', '王丽华', 15),
(97, 1503150101, '曹永芳', '测控1501', '2016-07-08 00:15:20', '易阳', 15),
(98, 1503150199, '索隆', '测控1501', '2016-07-08 00:21:23', '', 0),
(99, 1503150101, '曹永芳', '测控1501', '2016-07-08 00:22:18', '', 0),
(100, 1503150101, '曹永芳', '测控1501', '2016-07-08 00:22:26', '易阳', 15),
(101, 1503150101, '曹永芳', '测控1501', '2016-07-08 00:24:42', '易阳', 15),
(102, 1503150101, '曹永芳', '测控1501', '2016-07-26 23:01:07', '', 0),
(103, 1503150101, '曹永芳', '测控1501', '2016-08-26 19:46:40', '', 0),
(104, 1503150101, '曹永芳', '测控1501', '2016-08-26 19:46:52', '易阳', 15);

-- --------------------------------------------------------

--
-- 表的结构 `tp_manager`
--

CREATE TABLE IF NOT EXISTS `tp_manager` (
  `id` int(10) unsigned NOT NULL AUTO_INCREMENT,
  `ad_username` varchar(30) NOT NULL COMMENT '账号',
  `real_name` varchar(32) NOT NULL COMMENT '真实姓名',
  `ad_password` varchar(32) NOT NULL COMMENT '密码',
  `is_use` tinyint(3) unsigned NOT NULL DEFAULT '1' COMMENT '是否启用  1：启用，0：禁用',
  `ad_role_id` tinyint(3) unsigned NOT NULL COMMENT '角色ID',
  `nj` int(11) NOT NULL COMMENT '辅导员所带年级',
  `logtime` datetime NOT NULL,
  `flag` int(11) NOT NULL COMMENT '登录次数',
  PRIMARY KEY (`id`)
) ENGINE=MyISAM  DEFAULT CHARSET=utf8 COMMENT='管理员表' AUTO_INCREMENT=100 ;

--
-- 转存表中的数据 `tp_manager`
--

INSERT INTO `tp_manager` (`id`, `ad_username`, `real_name`, `ad_password`, `is_use`, `ad_role_id`, `nj`, `logtime`, `flag`) VALUES
(1, 'root', '超级管理员', 'aa7063d0f940b28cc49fc5cd465c7bf5', 1, 1, 0, '2016-08-26 13:55:09', 11),
(2, '2418', '王丽华', '57af5d591d0e4dbd81c369dc9dc3de46', 1, 3, 0, '2016-07-08 14:07:53', 4),
(3, '2566', '温庆', 'f1a6f21ecd94d90aa6af80955159e523', 1, 3, 0, '0000-00-00 00:00:00', 0),
(4, '5271', '路遥', '1635e02d91845b8be83adca69a192a9f', 1, 2, 15, '2016-07-08 14:18:34', 3),
(5, '5354', '梅磊', '6164e83643861a033b062a77adb53ebf', 1, 3, 0, '0000-00-00 00:00:00', 0),
(6, '5942', '吴雨婷', 'f0b982562dd7a71e828a774d250576dd', 1, 3, 0, '0000-00-00 00:00:00', 0),
(7, '0420', '丁瑶君', 'a776155016af43cbe5d9dc7c7030f7f8', 1, 3, 0, '0000-00-00 00:00:00', 0),
(8, '0421', '孙世荣', 'c815a15f089a30ebea804c5e8f6a2c0c', 1, 3, 0, '0000-00-00 00:00:00', 0),
(9, '0426', '罗益民', '2cc361bdc6346d54c8b24c8b8213da3e', 1, 3, 0, '0000-00-00 00:00:00', 0),
(10, '0439', '舒志兵', '207e14d61d144ff151ace76b51d1d46f', 1, 3, 0, '0000-00-00 00:00:00', 0),
(11, '0445', '李丽娟', '92c9cff0375541e3ae9ec6f2d34c0772', 1, 3, 0, '0000-00-00 00:00:00', 0),
(12, '1659', '梅雪', '7dcae991fd8cc9c043e11f8942f643e2', 1, 3, 0, '0000-00-00 00:00:00', 0),
(13, '1760', '丁松', '89cb0756bb81c059374da2041aabb2f0', 1, 3, 0, '0000-00-00 00:00:00', 0),
(14, '1822', '李俊', '2ac060784722e964ea76896db25a9e43', 1, 3, 0, '0000-00-00 00:00:00', 0),
(15, '1852', '刘莎', '4c30f5f084fb84058c94bb4068e449c9', 1, 3, 0, '0000-00-00 00:00:00', 0),
(16, '1893', '陈静', 'f955a7709476455da3803a272706b589', 1, 3, 0, '0000-00-00 00:00:00', 0),
(17, '1916', '戴云', '0e1659ca2965e4a78769a8d54f5cb395', 1, 3, 0, '0000-00-00 00:00:00', 0),
(18, '2175', '黄锁明', 'ba28f3933d7d25f9810a76295a0d084f', 1, 3, 0, '0000-00-00 00:00:00', 0),
(19, '2225', '陈玉明', '9458d3b7ab069d4167f24c16b6073acb', 1, 3, 0, '0000-00-00 00:00:00', 0),
(20, '2245', '季宜敬', 'c75eb0396e7cc997a2053b5191d6356c', 1, 3, 0, '0000-00-00 00:00:00', 0),
(21, '2254', '徐启', '07a99cad3b2fadb81e8ec26ecdc2130f', 1, 3, 0, '0000-00-00 00:00:00', 0),
(22, '2262', '王晓荣', '49213310cbf6384acd1ee522df399542', 1, 3, 0, '0000-00-00 00:00:00', 0),
(23, '2292', '程明', '0e02f7f0d3ada713508f9a152986564b', 1, 3, 0, '0000-00-00 00:00:00', 0),
(24, '2312', '张兴华', '17ffa06999a6ea0d593c4486fefbaa35', 1, 3, 0, '0000-00-00 00:00:00', 0),
(25, '2317', '蒋书波', 'c10b47d81577bf76aaa921a1863588af', 1, 3, 0, '0000-00-00 00:00:00', 0),
(26, '2320', '夏美娟', '289dd31a2d55a02a0dbc43859b279802', 1, 3, 0, '0000-00-00 00:00:00', 0),
(27, '2322', '杨静', '84b7c8aaa6587339558329a620b5208f', 1, 3, 0, '0000-00-00 00:00:00', 0),
(28, '2328', '薄翠梅', '222ebbf6e8186feb9cc36e03189ed24c', 1, 3, 0, '0000-00-00 00:00:00', 0),
(29, '2342', '权义萍', '24baeb574cdde5f8dff3e03982ac4603', 1, 3, 0, '0000-00-00 00:00:00', 0),
(30, '2360', '俞辉', 'c56f5503295170094a9a45d7822ce1f7', 1, 3, 0, '0000-00-00 00:00:00', 0),
(31, '2382', '郝培华', '7c0d470f170efad8421cc309f214606f', 1, 3, 0, '0000-00-00 00:00:00', 0),
(32, '2427', '王莉', 'd0a58cc320886a02d4acf70bb708444a', 1, 3, 0, '0000-00-00 00:00:00', 0),
(33, '2428', '李为相', 'e30fce8c6489fdc372a11e87c60abdba', 1, 3, 0, '0000-00-00 00:00:00', 0),
(34, '2436', '郝丽丽', 'e35fa231852a3483566e31bf688111ef', 1, 3, 0, '0000-00-00 00:00:00', 0),
(35, '2437', '王鑫国', 'ff1d5b8d36c71c16963f58df77008432', 1, 3, 0, '0000-00-00 00:00:00', 0),
(36, '2444', '梁雪春', '8b4facb9df50f97f1a64c626fec63656', 1, 3, 0, '0000-00-00 00:00:00', 0),
(37, '2445', '窦迅', 'e0cd5522fbc88c5c84385d1461453ea5', 1, 3, 0, '0000-00-00 00:00:00', 0),
(38, '2480', '孙冬梅', '8579fe25e3db49509168326a0f91cfc7', 1, 3, 0, '0000-00-00 00:00:00', 0),
(39, '2496', '李果', 'dc82fca3dfc102c5649ffaaaec6b9a11', 1, 3, 0, '0000-00-00 00:00:00', 0),
(40, '2560', '张印强', '14f05e9062b22f684bd42eb5e99462d7', 1, 3, 0, '0000-00-00 00:00:00', 0),
(41, '2611', '王轶卿', 'd507a87ee0c5c81156c03101b60d3d55', 1, 3, 0, '0000-00-00 00:00:00', 0),
(42, '2679', '唐桂忠', 'b3b5db65ab7b084851b1766be43f4ffe', 1, 3, 0, '0000-00-00 00:00:00', 0),
(43, '2685', '方志', '4203fb63699f215a71f3f7b4a09ba086', 1, 3, 0, '0000-00-00 00:00:00', 0),
(44, '2713', '赵龙章', 'a9ba2948eb442144d4fc859930563995', 1, 3, 0, '0000-00-00 00:00:00', 0),
(45, '2727', '肖迪', '41663c3bf5f942514aec3db0d0976189', 1, 3, 0, '0000-00-00 00:00:00', 0),
(46, '2734', '沈捷', '2a296b30c25544ad158fde822b3eb15a', 1, 3, 0, '0000-00-00 00:00:00', 0),
(47, '3461', '刘晓慧', 'd9bf892cea91d95df8f0f892fe3a69b0', 1, 3, 0, '0000-00-00 00:00:00', 0),
(48, '3466', '周玉庭', '85a1239a36f063db8d711e4c4505a256', 1, 3, 0, '0000-00-00 00:00:00', 0),
(49, '3472', '刘建峰', 'db9188dccb7b882898f12e1fbce29e90', 1, 3, 0, '0000-00-00 00:00:00', 0),
(50, '3474', '丁玉林', 'f011ebc8eae5514ed877d867cd2ccd03', 1, 3, 0, '0000-00-00 00:00:00', 0),
(51, '3476', '张九根', '31896f20b0d2df8e89960bdbf9db8d2a', 1, 3, 0, '0000-00-00 00:00:00', 0),
(52, '3478', '邵如平', 'ca7a4697b08124c882177082633c5443', 1, 3, 0, '0000-00-00 00:00:00', 0),
(53, '3485', '马小军', '9a4fcbb9b8928a6b002b88f5096d582e', 1, 3, 0, '0000-00-00 00:00:00', 0),
(54, '3486', '许必熙', 'ee111d432c6df139a3851a915e87279e', 1, 3, 0, '0000-00-00 00:00:00', 0),
(55, '3498', '谈怡君', 'b52498c32b05a2a3a84eeffca4907b63', 1, 3, 0, '0000-00-00 00:00:00', 0),
(56, '3801', '刘雪', 'fe499517529b572d7702b609f965f742', 1, 3, 0, '0000-00-00 00:00:00', 0),
(57, '3813', '耿晓春', '2c161c09b9b616cdf3b447cfe32d33c7', 1, 3, 0, '0000-00-00 00:00:00', 0),
(58, '5005', '浦晨岚', '056592f861c9fd910588c2859e94be4a', 1, 3, 0, '0000-00-00 00:00:00', 0),
(59, '5078', '何毅', '278bb7a4be730122128d5858f3e6f3fc', 1, 3, 0, '0000-00-00 00:00:00', 0),
(60, '5147', '刘艳', 'fd6dc8187d15ab739491179e857b7cde', 1, 3, 0, '0000-00-00 00:00:00', 0),
(61, '5151', '嵇保健', 'e6afec18949314ed5db495f48718aea3', 1, 3, 0, '0000-00-00 00:00:00', 0),
(62, '5245', '袁宇浩', 'd7a61808da66f0f5346a61c91dd8aa5c', 1, 3, 0, '0000-00-00 00:00:00', 0),
(63, '5250', '杨道业', 'e39b0bbeb6f721f1821e5cc16692dccf', 1, 3, 0, '0000-00-00 00:00:00', 0),
(64, '5554', '易辉', '7573027a29993c02c404e3fee2a4c6ce', 1, 3, 0, '0000-00-00 00:00:00', 0),
(65, '5642', '沈谋全', '1e7d9b55a7cfe4177a66fb37668fe5b7', 1, 3, 0, '0000-00-00 00:00:00', 0),
(66, '5667', '张鑫', 'a86779d0ee4acc95f0bc34ed9af18083', 1, 3, 0, '0000-00-00 00:00:00', 0),
(67, '5670', '欧阳慧珉', '736f10c1cea0c7d363b88ac01177629c', 1, 3, 0, '0000-00-00 00:00:00', 0),
(68, '5673', '邓歆', '16fcd06f1c45499ac12acffd12f18544', 1, 3, 0, '0000-00-00 00:00:00', 0),
(69, '5676', '杨世品', '5311bf030a527e4e9cc9e14364c8d0e7', 1, 3, 0, '0000-00-00 00:00:00', 0),
(70, '5688', '于莉莉', 'e7ad29776161870e1f23e523b7805760', 1, 3, 0, '0000-00-00 00:00:00', 0),
(71, '1503150101', '曹永芳', 'e9e40d686d7dc2ebdf23f0133dc3aaf6', 1, 3, 0, '0000-00-00 00:00:00', 0),
(72, '1503150102', '陈莹', '9b785eff89976430ad526e043b0930a2', 1, 3, 0, '0000-00-00 00:00:00', 0),
(73, '1503150103', '丁海静', '05e4809e4d0ec48f9a822f220fe23056', 1, 3, 0, '0000-00-00 00:00:00', 0),
(74, '1503150104', '黄敏', 'c6d26c7d3f86e921694776fed3b8242c', 1, 3, 0, '0000-00-00 00:00:00', 0),
(75, '1503150105', '李佳磊', '099a0448de22586b0b8c9d9a3cd47f4e', 1, 3, 0, '0000-00-00 00:00:00', 0),
(76, '1503150106', '李嘉欣', '84b4bc74f261e93446fcd85d3c35da7b', 1, 3, 0, '0000-00-00 00:00:00', 0),
(77, '1503150107', '孙晨暄', '594b402b652164996dab8b0483a0c8d7', 1, 3, 0, '0000-00-00 00:00:00', 0),
(78, '1503150108', '吴玉婷', '3211803568d4191394ea4dc9022b1a95', 1, 3, 0, '0000-00-00 00:00:00', 0),
(79, '1503150109', '安天宇', '2425539fad25bb3870c2029bb83bf8fc', 1, 3, 0, '0000-00-00 00:00:00', 0),
(80, '1503150110', '陈龙', '4d8e7a1cfc478cea721262c57e2fb6be', 1, 3, 0, '0000-00-00 00:00:00', 0),
(81, '1503150111', '陈彦名', '095e74bf0e83312dfa3c3943a0d50d30', 1, 3, 0, '0000-00-00 00:00:00', 0),
(82, '1503150112', '陈洋', '386ef73700f1f2681367d0d9702ac948', 1, 3, 0, '0000-00-00 00:00:00', 0),
(83, '1503150113', '代晓俊', 'de7d730b11cf5cad19edcdee6c5da889', 1, 3, 0, '0000-00-00 00:00:00', 0),
(84, '1503150114', '丁淦', 'f967125c0dc523faaff0949d288b40dc', 1, 3, 0, '0000-00-00 00:00:00', 0),
(85, '1503150115', '霍志浩', '4a63e67a2b12194b72f1b9ddd3c3098a', 1, 3, 0, '0000-00-00 00:00:00', 0),
(86, '1503150116', '蒋天启', 'd2f7c0da24741d937d60acd4ff3d4dfe', 1, 3, 0, '0000-00-00 00:00:00', 0),
(87, '1503150117', '李子天', 'c9d33cdc00d04cd9eee9d3beb131c283', 1, 3, 0, '0000-00-00 00:00:00', 0),
(88, '1503150118', '刘倍宏', '2fd66145fdde6fb59e91bfd422cd3bc9', 1, 3, 0, '0000-00-00 00:00:00', 0),
(89, '1503150119', '刘意', 'd074a952e295287116915c28076a6c1f', 1, 3, 0, '0000-00-00 00:00:00', 0),
(90, '1503150120', '马者威龙', '82178bbe47f9c4d5614bf3f7b5e8cf94', 1, 3, 0, '0000-00-00 00:00:00', 0),
(91, '1503150121', '孙伟斌', '1d1ecd3bdb8577bee465ae48fe3bea49', 1, 3, 0, '0000-00-00 00:00:00', 0),
(92, '1503150122', '孙逸舟', 'fa0cb11d680037fd48b75f415456932a', 1, 3, 0, '0000-00-00 00:00:00', 0),
(93, '1503150123', '汪梦龙', '47227a643b0606f9c94945d6efbea550', 1, 3, 0, '0000-00-00 00:00:00', 0),
(94, '1503150124', '吴健', '9056d6f1400bf6e4e49ce0120feb3511', 1, 3, 0, '0000-00-00 00:00:00', 0),
(95, '1503150125', '夏维新', '00050c1dba6cf93778b0e43971de3e9c', 1, 3, 0, '0000-00-00 00:00:00', 0),
(96, '1503150126', '詹文博', '6f081663abc7543577b7095a1f19c612', 1, 3, 0, '0000-00-00 00:00:00', 0),
(97, '1503150127', '张恒滔', '3635f8c17e14e3a12183f69acdf4c1f1', 1, 3, 0, '0000-00-00 00:00:00', 0),
(98, '1503150128', '张兴骞', '21a394cfeda97c838e7c0a9c07683327', 1, 3, 0, '0000-00-00 00:00:00', 0),
(99, '1503150129', '张正彬', '7f3f47f7aa7aeff759d63cc19a98718b', 1, 3, 0, '0000-00-00 00:00:00', 0);

-- --------------------------------------------------------

--
-- 表的结构 `tp_role`
--

CREATE TABLE IF NOT EXISTS `tp_role` (
  `role_id` tinyint(3) unsigned NOT NULL AUTO_INCREMENT,
  `role_name` char(64) NOT NULL COMMENT '角色名称',
  `role_auth_ids` varchar(128) NOT NULL COMMENT '权限ids',
  `role_auth_ac` varchar(200) NOT NULL COMMENT '模块-操作',
  PRIMARY KEY (`role_id`)
) ENGINE=MyISAM  DEFAULT CHARSET=utf8 COMMENT='角色表' AUTO_INCREMENT=7 ;

--
-- 转存表中的数据 `tp_role`
--

INSERT INTO `tp_role` (`role_id`, `role_name`, `role_auth_ids`, `role_auth_ac`) VALUES
(1, '党委副书记', '1,5,6,7,8,20,10,15,17,19,2,11,14,12,13,18,16,25', 'Time-showlist,Student-addstudent,Student-loginfo,Student-resetpwd,Time-outputtime,Student-addteacher,Role-showlist,Auth-showlist,Manager-showlist,Role-add,Score-inputscore,Settings-setterm,Score-showl'),
(2, '辅导员', '1,5,6,7,8,20,10,15,17,19', 'Time-showlist,Student-addstudent,Student-loginfo,Student-resetpwd,Time-outputtime,Student-addteacher,Score-inputscore,Score-showlist,Teacher-notfilltime,Teacher-outputtime'),
(3, '导师', '1,5,7,20,17,19', 'Time-showlist,Student-loginfo,Time-outputtime,Score-showlist,Time-notfilltime,Teacher-showtime,Teacher-showscore,Teacher-notfilltime,Teacher-outputtime');

-- --------------------------------------------------------

--
-- 表的结构 `tp_score`
--

CREATE TABLE IF NOT EXISTS `tp_score` (
  `id` int(11) NOT NULL AUTO_INCREMENT,
  `stuid` int(32) NOT NULL COMMENT '学号',
  `stuname` varchar(32) NOT NULL COMMENT '姓名',
  `course_name` varchar(64) NOT NULL COMMENT '课程名',
  `course_xf` int(11) NOT NULL COMMENT '学分',
  `course_score` varchar(32) NOT NULL COMMENT '课程分数',
  `course_xxzt` varchar(128) NOT NULL COMMENT '选修状态',
  `years` varchar(32) NOT NULL COMMENT '学年',
  `term` varchar(32) NOT NULL COMMENT '学期',
  `nj` int(11) NOT NULL COMMENT '年级',
  PRIMARY KEY (`id`)
) ENGINE=MyISAM  DEFAULT CHARSET=utf8 COMMENT='学生课程信息表' AUTO_INCREMENT=311 ;

--
-- 转存表中的数据 `tp_score`
--

INSERT INTO `tp_score` (`id`, `stuid`, `stuname`, `course_name`, `course_xf`, `course_score`, `course_xxzt`, `years`, `term`, `nj`) VALUES
(1, 1503150101, '曹永芳', '大学体育-4', 1, '99', '必修课', '2015-2016', '1', 15),
(2, 1503150101, '曹永芳', '大学物理实验A-2', 2, '优秀', '必修课', '2015-2016', '1', 15),
(3, 1503150101, '曹永芳', '大学英语-4', 3, '86', '必修课', '2015-2016', '1', 15),
(4, 1503150101, '曹永芳', '概率统计', 3, '96', '必修课', '2015-2016', '1', 15),
(5, 1503150101, '曹永芳', '金工实习', 3, '89', '必修课', '2015-2016', '1', 15),
(6, 1503150101, '曹永芳', '马克思主义基本原理', 3, '80', '必修课', '2015-2016', '1', 15),
(7, 1503150101, '曹永芳', '模拟电子技术', 4, '93', '必修课', '2015-2016', '1', 15),
(8, 1503150101, '曹永芳', '生活中的法律', 1, '', '公共选修课', '2015-2016', '1', 15),
(9, 1503150101, '曹永芳', '微机原理与接口技术', 4, '97', '必修课', '2015-2016', '1', 15),
(10, 1503150101, '曹永芳', '信号与系统', 4, '90', '必修课', '2015-2016', '1', 15),
(11, 1503150102, '陈莹', '大学体育-4', 1, '98', '必修课', '2015-2016', '1', 15),
(12, 1503150102, '陈莹', '大学物理实验A-2', 2, '良好', '必修课', '2015-2016', '1', 15),
(13, 1503150102, '陈莹', '大学英语-4', 3, '74', '必修课', '2015-2016', '1', 15),
(14, 1503150102, '陈莹', '概率统计', 3, '76', '必修课', '2015-2016', '1', 15),
(15, 1503150102, '陈莹', '金工实习', 3, '79', '必修课', '2015-2016', '1', 15),
(16, 1503150102, '陈莹', '马克思主义基本原理', 3, '68', '必修课', '2015-2016', '1', 15),
(17, 1503150102, '陈莹', '模拟电子技术', 4, '74', '必修课', '2015-2016', '1', 15),
(18, 1503150102, '陈莹', '生活中的法律', 1, '', '公共选修课', '2015-2016', '1', 15),
(19, 1503150102, '陈莹', '微机原理与接口技术', 4, '75', '必修课', '2015-2016', '1', 15),
(20, 1503150102, '陈莹', '信号与系统', 4, '75', '必修课', '2015-2016', '1', 15),
(21, 1503100103, '胡佳琳', '大学体育-4', 1, '100', '必修课', '2015-2016', '1', 10),
(22, 1503100103, '胡佳琳', '大学物理实验A-2', 2, '良好', '必修课', '2015-2016', '1', 10),
(23, 1503100103, '胡佳琳', '大学英语-4', 3, '94', '必修课', '2015-2016', '1', 10),
(24, 1503100103, '胡佳琳', '概率统计', 3, '77', '必修课', '2015-2016', '1', 10),
(25, 1503100103, '胡佳琳', '金工实习', 3, '84', '必修课', '2015-2016', '1', 10),
(26, 1503100103, '胡佳琳', '马克思主义基本原理', 3, '82', '必修课', '2015-2016', '1', 10),
(27, 1503100103, '胡佳琳', '模拟电子技术', 4, '78', '必修课', '2015-2016', '1', 10),
(28, 1503100103, '胡佳琳', '生活中的法律', 1, '', '公共选修课', '2015-2016', '1', 10),
(29, 1503100103, '胡佳琳', '微机原理与接口技术', 4, '94', '必修课', '2015-2016', '1', 10),
(30, 1503100103, '胡佳琳', '信号与系统', 4, '92', '必修课', '2015-2016', '1', 10),
(31, 1503100104, '李金艳', '大学体育-4', 1, '96', '必修课', '2015-2016', '1', 10),
(32, 1503100104, '李金艳', '大学物理实验A-2', 2, '良好', '必修课', '2015-2016', '1', 10),
(33, 1503100104, '李金艳', '大学英语-4', 3, '77', '必修课', '2015-2016', '1', 10),
(34, 1503100104, '李金艳', '概率统计', 3, '88', '必修课', '2015-2016', '1', 10),
(35, 1503100104, '李金艳', '金工实习', 3, '85', '必修课', '2015-2016', '1', 10),
(36, 1503100104, '李金艳', '马克思主义基本原理', 3, '90', '必修课', '2015-2016', '1', 10),
(37, 1503100104, '李金艳', '模拟电子技术', 4, '93', '必修课', '2015-2016', '1', 10),
(38, 1503100104, '李金艳', '生活中的法律', 1, '', '公共选修课', '2015-2016', '1', 10),
(39, 1503100104, '李金艳', '微机原理与接口技术', 4, '83', '必修课', '2015-2016', '1', 10),
(40, 1503100104, '李金艳', '信号与系统', 4, '89', '必修课', '2015-2016', '1', 10),
(41, 1503100105, '马桂花', '大学体育-4', 1, '87', '必修课', '2015-2016', '1', 10),
(42, 1503100105, '马桂花', '大学物理实验A-2', 2, '良好', '必修课', '2015-2016', '1', 10),
(43, 1503100105, '马桂花', '大学英语-4', 3, '61', '必修课', '2015-2016', '1', 10),
(44, 1503100105, '马桂花', '概率统计', 3, '70', '必修课', '2015-2016', '1', 10),
(45, 1503100105, '马桂花', '金工实习', 3, '80', '必修课', '2015-2016', '1', 10),
(46, 1503100105, '马桂花', '马克思主义基本原理', 3, '71', '必修课', '2015-2016', '1', 10),
(47, 1503100105, '马桂花', '模拟电子技术', 4, '70', '必修课', '2015-2016', '1', 10),
(48, 1503100105, '马桂花', '生活中的法律', 1, '85', '公共选修课', '2015-2016', '1', 10),
(49, 1503100105, '马桂花', '微机原理与接口技术', 4, '80', '必修课', '2015-2016', '1', 10),
(50, 1503100105, '马桂花', '信号与系统', 4, '72', '必修课', '2015-2016', '1', 10),
(51, 1503100106, '王泽红', '大学体育-4', 1, '91', '必修课', '2015-2016', '1', 10),
(52, 1503100106, '王泽红', '大学物理实验A-2', 2, '良好', '必修课', '2015-2016', '1', 10),
(53, 1503100106, '王泽红', '大学英语-4', 3, '70', '必修课', '2015-2016', '1', 10),
(54, 1503100106, '王泽红', '概率统计', 3, '65', '必修课', '2015-2016', '1', 10),
(55, 1503100106, '王泽红', '金工实习', 3, '79', '必修课', '2015-2016', '1', 10),
(56, 1503100106, '王泽红', '马克思主义基本原理', 3, '73', '必修课', '2015-2016', '1', 10),
(57, 1503100106, '王泽红', '模拟电子技术', 4, '65', '必修课', '2015-2016', '1', 10),
(58, 1503100106, '王泽红', '生活中的法律', 1, '', '公共选修课', '2015-2016', '1', 10),
(59, 1503100106, '王泽红', '微机原理与接口技术', 4, '69', '必修课', '2015-2016', '1', 10),
(60, 1503100106, '王泽红', '信号与系统', 4, '77', '必修课', '2015-2016', '1', 10),
(61, 1503100107, '曾晴', '大学体育-4', 1, '79', '必修课', '2015-2016', '1', 10),
(62, 1503100107, '曾晴', '大学物理实验A-2', 2, '良好', '必修课', '2015-2016', '1', 10),
(63, 1503100107, '曾晴', '大学英语-4', 3, '75', '必修课', '2015-2016', '1', 10),
(64, 1503100107, '曾晴', '概率统计', 3, '78', '必修课', '2015-2016', '1', 10),
(65, 1503100107, '曾晴', '金工实习', 3, '75', '必修课', '2015-2016', '1', 10),
(66, 1503100107, '曾晴', '马克思主义基本原理', 3, '80', '必修课', '2015-2016', '1', 10),
(67, 1503100107, '曾晴', '模拟电子技术', 4, '68', '必修课', '2015-2016', '1', 10),
(68, 1503100107, '曾晴', '生活中的法律', 1, '', '公共选修课', '2015-2016', '1', 10),
(69, 1503100107, '曾晴', '微机原理与接口技术', 4, '73', '必修课', '2015-2016', '1', 10),
(70, 1503100107, '曾晴', '信号与系统', 4, '80', '必修课', '2015-2016', '1', 10),
(71, 1503100108, '赵玲云', '大学体育-4', 1, '91', '必修课', '2015-2016', '1', 10),
(72, 1503100108, '赵玲云', '大学物理实验A-2', 2, '良好', '必修课', '2015-2016', '1', 10),
(73, 1503100108, '赵玲云', '大学英语-4', 3, '68', '必修课', '2015-2016', '1', 10),
(74, 1503100108, '赵玲云', '概率统计', 3, '66', '必修课', '2015-2016', '1', 10),
(75, 1503100108, '赵玲云', '金工实习', 3, '79', '必修课', '2015-2016', '1', 10),
(76, 1503100108, '赵玲云', '马克思主义基本原理', 3, '68', '必修课', '2015-2016', '1', 10),
(77, 1503100108, '赵玲云', '模拟电子技术', 4, '60', '必修课', '2015-2016', '1', 10),
(78, 1503100108, '赵玲云', '生活中的法律', 1, '', '公共选修课', '2015-2016', '1', 10),
(79, 1503100108, '赵玲云', '微机原理与接口技术', 4, '71', '必修课', '2015-2016', '1', 10),
(80, 1503100108, '赵玲云', '信号与系统', 4, '79', '必修课', '2015-2016', '1', 10),
(81, 1503100109, '赵贞', '大学体育-4', 1, '85', '必修课', '2015-2016', '1', 10),
(82, 1503100109, '赵贞', '大学物理实验A-2', 2, '优秀', '必修课', '2015-2016', '1', 10),
(83, 1503100109, '赵贞', '大学英语-4', 3, '72', '必修课', '2015-2016', '1', 10),
(84, 1503100109, '赵贞', '概率统计', 3, '72', '必修课', '2015-2016', '1', 10),
(85, 1503100109, '赵贞', '金工实习', 3, '81', '必修课', '2015-2016', '1', 10),
(86, 1503100109, '赵贞', '马克思主义基本原理', 3, '79', '必修课', '2015-2016', '1', 10),
(87, 1503100109, '赵贞', '模拟电子技术', 4, '73', '必修课', '2015-2016', '1', 10),
(88, 1503100109, '赵贞', '生活中的法律', 1, '', '公共选修课', '2015-2016', '1', 10),
(89, 1503100109, '赵贞', '微机原理与接口技术', 4, '81', '必修课', '2015-2016', '1', 10),
(90, 1503100109, '赵贞', '信号与系统', 4, '81', '必修课', '2015-2016', '1', 10),
(91, 1503100110, '周晨', '大学体育-4', 1, '89', '必修课', '2015-2016', '1', 10),
(92, 1503100110, '周晨', '大学物理实验A-2', 2, '良好', '必修课', '2015-2016', '1', 10),
(93, 1503100110, '周晨', '大学英语-4', 3, '83', '必修课', '2015-2016', '1', 10),
(94, 1503100110, '周晨', '概率统计', 3, '85', '必修课', '2015-2016', '1', 10),
(95, 1503100110, '周晨', '金工实习', 3, '84', '必修课', '2015-2016', '1', 10),
(96, 1503100110, '周晨', '马克思主义基本原理', 3, '82', '必修课', '2015-2016', '1', 10),
(97, 1503100110, '周晨', '模拟电子技术', 4, '95', '必修课', '2015-2016', '1', 10),
(98, 1503100110, '周晨', '生活中的法律', 1, '', '公共选修课', '2015-2016', '1', 10),
(99, 1503100110, '周晨', '微机原理与接口技术', 4, '93', '必修课', '2015-2016', '1', 10),
(100, 1503100110, '周晨', '信号与系统', 4, '94', '必修课', '2015-2016', '1', 10),
(101, 1503100111, '程聪聪', '大学体育-4', 1, '97', '必修课', '2015-2016', '1', 10),
(102, 1503100111, '程聪聪', '大学物理实验A-2', 2, '优秀', '必修课', '2015-2016', '1', 10),
(103, 1503100111, '程聪聪', '大学英语-4', 3, '80', '必修课', '2015-2016', '1', 10),
(104, 1503100111, '程聪聪', '概率统计', 3, '78', '必修课', '2015-2016', '1', 10),
(105, 1503100111, '程聪聪', '金工实习', 3, '86', '必修课', '2015-2016', '1', 10),
(106, 1503100111, '程聪聪', '马克思主义基本原理', 3, '79', '必修课', '2015-2016', '1', 10),
(107, 1503100111, '程聪聪', '模拟电子技术', 4, '91', '必修课', '2015-2016', '1', 10),
(108, 1503100111, '程聪聪', '生活中的法律', 1, '', '公共选修课', '2015-2016', '1', 10),
(109, 1503100111, '程聪聪', '微机原理与接口技术', 4, '89', '必修课', '2015-2016', '1', 10),
(110, 1503100111, '程聪聪', '信号与系统', 4, '87', '必修课', '2015-2016', '1', 10),
(111, 1503100112, '方涛', '大学体育-4', 1, '71', '必修课', '2015-2016', '1', 10),
(112, 1503100112, '方涛', '大学物理实验A-2', 2, '中等', '必修课', '2015-2016', '1', 10),
(113, 1503100112, '方涛', '大学英语-4', 3, '69', '必修课', '2015-2016', '1', 10),
(114, 1503100112, '方涛', '概率统计', 3, '70', '必修课', '2015-2016', '1', 10),
(115, 1503100112, '方涛', '金工实习', 3, '77', '必修课', '2015-2016', '1', 10),
(116, 1503100112, '方涛', '马克思主义基本原理', 3, '60', '必修课', '2015-2016', '1', 10),
(117, 1503100112, '方涛', '模拟电子技术', 4, '66', '必修课', '2015-2016', '1', 10),
(118, 1503100112, '方涛', '生活中的法律', 1, '', '公共选修课', '2015-2016', '1', 10),
(119, 1503100112, '方涛', '微机原理与接口技术', 4, '76', '必修课', '2015-2016', '1', 10),
(120, 1503100112, '方涛', '信号与系统', 4, '81', '必修课', '2015-2016', '1', 10),
(121, 1503100113, '侯顺利', '大学体育-4', 1, '100', '必修课', '2015-2016', '1', 10),
(122, 1503100113, '侯顺利', '大学物理实验A-2', 2, '良好', '必修课', '2015-2016', '1', 10),
(123, 1503100113, '侯顺利', '大学英语-4', 3, '72', '必修课', '2015-2016', '1', 10),
(124, 1503100113, '侯顺利', '概率统计', 3, '71', '必修课', '2015-2016', '1', 10),
(125, 1503100113, '侯顺利', '金工实习', 3, '78', '必修课', '2015-2016', '1', 10),
(126, 1503100113, '侯顺利', '马克思主义基本原理', 3, '74', '必修课', '2015-2016', '1', 10),
(127, 1503100113, '侯顺利', '模拟电子技术', 4, '74', '必修课', '2015-2016', '1', 10),
(128, 1503100113, '侯顺利', '生活中的法律', 1, '', '公共选修课', '2015-2016', '1', 10),
(129, 1503100113, '侯顺利', '微机原理与接口技术', 4, '75', '必修课', '2015-2016', '1', 10),
(130, 1503100113, '侯顺利', '信号与系统', 4, '82', '必修课', '2015-2016', '1', 10),
(131, 1503100114, '黄腾', '大学体育-4', 1, '99', '必修课', '2015-2016', '1', 10),
(132, 1503100114, '黄腾', '大学物理实验A-2', 2, '良好', '必修课', '2015-2016', '1', 10),
(133, 1503100114, '黄腾', '大学英语-4', 3, '67', '必修课', '2015-2016', '1', 10),
(134, 1503100114, '黄腾', '概率统计', 3, '77', '必修课', '2015-2016', '1', 10),
(135, 1503100114, '黄腾', '金工实习', 3, '78', '必修课', '2015-2016', '1', 10),
(136, 1503100114, '黄腾', '马克思主义基本原理', 3, '67', '必修课', '2015-2016', '1', 10),
(137, 1503100114, '黄腾', '模拟电子技术', 4, '66', '必修课', '2015-2016', '1', 10),
(138, 1503100114, '黄腾', '生活中的法律', 1, '', '公共选修课', '2015-2016', '1', 10),
(139, 1503100114, '黄腾', '微机原理与接口技术', 4, '91', '必修课', '2015-2016', '1', 10),
(140, 1503100114, '黄腾', '信号与系统', 4, '79', '必修课', '2015-2016', '1', 10),
(141, 1503100115, '林志滨', '大学体育-4', 1, '93', '必修课', '2015-2016', '1', 10),
(142, 1503100115, '林志滨', '大学物理实验A-2', 2, '良好', '必修课', '2015-2016', '1', 10),
(143, 1503100115, '林志滨', '大学英语-4', 3, '65', '必修课', '2015-2016', '1', 10),
(144, 1503100115, '林志滨', '概率统计', 3, '81', '必修课', '2015-2016', '1', 10),
(145, 1503100115, '林志滨', '金工实习', 3, '83', '必修课', '2015-2016', '1', 10),
(146, 1503100115, '林志滨', '马克思主义基本原理', 3, '70', '必修课', '2015-2016', '1', 10),
(147, 1503100115, '林志滨', '模拟电子技术', 4, '86', '必修课', '2015-2016', '1', 10),
(148, 1503100115, '林志滨', '生活中的法律', 1, '', '公共选修课', '2015-2016', '1', 10),
(149, 1503100115, '林志滨', '微机原理与接口技术', 4, '89', '必修课', '2015-2016', '1', 10),
(150, 1503100115, '林志滨', '信号与系统', 4, '90', '必修课', '2015-2016', '1', 10),
(151, 1503100116, '刘秉义', '大学体育-4', 1, '100', '必修课', '2015-2016', '1', 10),
(152, 1503100116, '刘秉义', '大学物理实验A-2', 2, '优秀', '必修课', '2015-2016', '1', 10),
(153, 1503100116, '刘秉义', '大学英语-4', 3, '66', '必修课', '2015-2016', '1', 10),
(154, 1503100116, '刘秉义', '概率统计', 3, '79', '必修课', '2015-2016', '1', 10),
(155, 1503100116, '刘秉义', '金工实习', 3, '79', '必修课', '2015-2016', '1', 10),
(156, 1503100116, '刘秉义', '马克思主义基本原理', 3, '74', '必修课', '2015-2016', '1', 10),
(157, 1503100116, '刘秉义', '模拟电子技术', 4, '82', '必修课', '2015-2016', '1', 10),
(158, 1503100116, '刘秉义', '生活中的法律', 1, '', '公共选修课', '2015-2016', '1', 10),
(159, 1503100116, '刘秉义', '微机原理与接口技术', 4, '74', '必修课', '2015-2016', '1', 10),
(160, 1503100116, '刘秉义', '信号与系统', 4, '82', '必修课', '2015-2016', '1', 10),
(161, 1503100117, '刘海龙', '大学体育-4', 1, '95', '必修课', '2015-2016', '1', 10),
(162, 1503100117, '刘海龙', '大学物理实验A-2', 2, '良好', '必修课', '2015-2016', '1', 10),
(163, 1503100117, '刘海龙', '大学英语-4', 3, '61', '必修课', '2015-2016', '1', 10),
(164, 1503100117, '刘海龙', '概率统计', 3, '74', '必修课', '2015-2016', '1', 10),
(165, 1503100117, '刘海龙', '金工实习', 3, '75', '必修课', '2015-2016', '1', 10),
(166, 1503100117, '刘海龙', '马克思主义基本原理', 3, '64', '必修课', '2015-2016', '1', 10),
(167, 1503100117, '刘海龙', '模拟电子技术', 4, '62', '必修课', '2015-2016', '1', 10),
(168, 1503100117, '刘海龙', '生活中的法律', 1, '', '公共选修课', '2015-2016', '1', 10),
(169, 1503100117, '刘海龙', '微机原理与接口技术', 4, '71', '必修课', '2015-2016', '1', 10),
(170, 1503100117, '刘海龙', '信号与系统', 4, '68', '必修课', '2015-2016', '1', 10),
(171, 1503100119, '沈晨威', '大学体育-4', 1, '87', '必修课', '2015-2016', '1', 10),
(172, 1503100119, '沈晨威', '大学物理实验A-2', 2, '良好', '必修课', '2015-2016', '1', 10),
(173, 1503100119, '沈晨威', '大学英语-4', 3, '64', '必修课', '2015-2016', '1', 10),
(174, 1503100119, '沈晨威', '概率统计', 3, '79', '必修课', '2015-2016', '1', 10),
(175, 1503100119, '沈晨威', '金工实习', 3, '84', '必修课', '2015-2016', '1', 10),
(176, 1503100119, '沈晨威', '马克思主义基本原理', 3, '76', '必修课', '2015-2016', '1', 10),
(177, 1503100119, '沈晨威', '模拟电子技术', 4, '74', '必修课', '2015-2016', '1', 10),
(178, 1503100119, '沈晨威', '生活中的法律', 1, '', '公共选修课', '2015-2016', '1', 10),
(179, 1503100119, '沈晨威', '微机原理与接口技术', 4, '49', '必修课', '2015-2016', '1', 10),
(180, 1503100119, '沈晨威', '信号与系统', 4, '78', '必修课', '2015-2016', '1', 10),
(181, 1503100120, '唐飞', '大学体育-4', 1, '89', '必修课', '2015-2016', '1', 10),
(182, 1503100120, '唐飞', '大学物理实验A-2', 2, '良好', '必修课', '2015-2016', '1', 10),
(183, 1503100120, '唐飞', '大学英语-4', 3, '75', '必修课', '2015-2016', '1', 10),
(184, 1503100120, '唐飞', '概率统计', 3, '80', '必修课', '2015-2016', '1', 10),
(185, 1503100120, '唐飞', '金工实习', 3, '82', '必修课', '2015-2016', '1', 10),
(186, 1503100120, '唐飞', '马克思主义基本原理', 3, '83', '必修课', '2015-2016', '1', 10),
(187, 1503100120, '唐飞', '模拟电子技术', 4, '72', '必修课', '2015-2016', '1', 10),
(188, 1503100120, '唐飞', '生活中的法律', 1, '', '公共选修课', '2015-2016', '1', 10),
(189, 1503100120, '唐飞', '微机原理与接口技术', 4, '81', '必修课', '2015-2016', '1', 10),
(190, 1503100120, '唐飞', '信号与系统', 4, '75', '必修课', '2015-2016', '1', 10),
(191, 1503100121, '万超', '大学体育-4', 1, '93', '必修课', '2015-2016', '1', 10),
(192, 1503100121, '万超', '大学物理实验A-2', 2, '良好', '必修课', '2015-2016', '1', 10),
(193, 1503100121, '万超', '大学英语-4', 3, '64', '必修课', '2015-2016', '1', 10),
(194, 1503100121, '万超', '概率统计', 3, '75', '必修课', '2015-2016', '1', 10),
(195, 1503100121, '万超', '金工实习', 3, '81', '必修课', '2015-2016', '1', 10),
(196, 1503100121, '万超', '马克思主义基本原理', 3, '71', '必修课', '2015-2016', '1', 10),
(197, 1503100121, '万超', '模拟电子技术', 4, '70', '必修课', '2015-2016', '1', 10),
(198, 1503100121, '万超', '生活中的法律', 1, '', '公共选修课', '2015-2016', '1', 10),
(199, 1503100121, '万超', '微机原理与接口技术', 4, '73', '必修课', '2015-2016', '1', 10),
(200, 1503100121, '万超', '信号与系统', 4, '81', '必修课', '2015-2016', '1', 10),
(201, 1503100122, '谢敬宇', '大学体育-4', 1, '87', '必修课', '2015-2016', '1', 10),
(202, 1503100122, '谢敬宇', '大学物理实验A-2', 2, '中等', '必修课', '2015-2016', '1', 10),
(203, 1503100122, '谢敬宇', '大学英语-4', 3, '69', '必修课', '2015-2016', '1', 10),
(204, 1503100122, '谢敬宇', '概率统计', 3, '49', '必修课', '2015-2016', '1', 10),
(205, 1503100122, '谢敬宇', '金工实习', 3, '78', '必修课', '2015-2016', '1', 10),
(206, 1503100122, '谢敬宇', '马克思主义基本原理', 3, '56', '必修课', '2015-2016', '1', 10),
(207, 1503100122, '谢敬宇', '模拟电子技术', 4, '41', '必修课', '2015-2016', '1', 10),
(208, 1503100122, '谢敬宇', '生活中的法律', 1, '', '公共选修课', '2015-2016', '1', 10),
(209, 1503100122, '谢敬宇', '微机原理与接口技术', 4, '32', '必修课', '2015-2016', '1', 10),
(210, 1503100122, '谢敬宇', '信号与系统', 4, '75', '必修课', '2015-2016', '1', 10),
(211, 1503100123, '熊真', '大学体育-4', 1, '88', '必修课', '2015-2016', '1', 10),
(212, 1503100123, '熊真', '大学物理实验A-2', 2, '良好', '必修课', '2015-2016', '1', 10),
(213, 1503100123, '熊真', '大学英语-4', 3, '68', '必修课', '2015-2016', '1', 10),
(214, 1503100123, '熊真', '概率统计', 3, '65', '必修课', '2015-2016', '1', 10),
(215, 1503100123, '熊真', '金工实习', 3, '79', '必修课', '2015-2016', '1', 10),
(216, 1503100123, '熊真', '马克思主义基本原理', 3, '58', '必修课', '2015-2016', '1', 10),
(217, 1503100123, '熊真', '模拟电子技术', 4, '49', '必修课', '2015-2016', '1', 10),
(218, 1503100123, '熊真', '生活中的法律', 1, '', '公共选修课', '2015-2016', '1', 10),
(219, 1503100123, '熊真', '微机原理与接口技术', 4, '50', '必修课', '2015-2016', '1', 10),
(220, 1503100123, '熊真', '信号与系统', 4, '70', '必修课', '2015-2016', '1', 10),
(221, 1503100124, '徐荷智', '大学体育-4', 1, '76', '必修课', '2015-2016', '1', 10),
(222, 1503100124, '徐荷智', '大学物理实验A-2', 2, '中等', '必修课', '2015-2016', '1', 10),
(223, 1503100124, '徐荷智', '大学英语-4', 3, '55', '必修课', '2015-2016', '1', 10),
(224, 1503100124, '徐荷智', '概率统计', 3, '72', '必修课', '2015-2016', '1', 10),
(225, 1503100124, '徐荷智', '金工实习', 3, '78', '必修课', '2015-2016', '1', 10),
(226, 1503100124, '徐荷智', '马克思主义基本原理', 3, '64', '必修课', '2015-2016', '1', 10),
(227, 1503100124, '徐荷智', '模拟电子技术', 4, '35', '必修课', '2015-2016', '1', 10),
(228, 1503100124, '徐荷智', '生活中的法律', 1, '', '公共选修课', '2015-2016', '1', 10),
(229, 1503100124, '徐荷智', '微机原理与接口技术', 4, '61', '必修课', '2015-2016', '1', 10),
(230, 1503100124, '徐荷智', '信号与系统', 4, '68', '必修课', '2015-2016', '1', 10),
(231, 1503100125, '徐苏生', '大学体育-4', 1, '90', '必修课', '2015-2016', '1', 10),
(232, 1503100125, '徐苏生', '大学物理实验A-2', 2, '中等', '必修课', '2015-2016', '1', 10),
(233, 1503100125, '徐苏生', '大学英语-4', 3, '78', '必修课', '2015-2016', '1', 10),
(234, 1503100125, '徐苏生', '概率统计', 3, '75', '必修课', '2015-2016', '1', 10),
(235, 1503100125, '徐苏生', '金工实习', 3, '85', '必修课', '2015-2016', '1', 10),
(236, 1503100125, '徐苏生', '马克思主义基本原理', 3, '62', '必修课', '2015-2016', '1', 10),
(237, 1503100125, '徐苏生', '模拟电子技术', 4, '79', '必修课', '2015-2016', '1', 10),
(238, 1503100125, '徐苏生', '生活中的法律', 1, '', '公共选修课', '2015-2016', '1', 10),
(239, 1503100125, '徐苏生', '微机原理与接口技术', 4, '72', '必修课', '2015-2016', '1', 10),
(240, 1503100125, '徐苏生', '信号与系统', 4, '74', '必修课', '2015-2016', '1', 10),
(241, 1503100126, '许新岳', '大学体育-4', 1, '100', '必修课', '2015-2016', '1', 10),
(242, 1503100126, '许新岳', '大学物理实验A-2', 2, '中等', '必修课', '2015-2016', '1', 10),
(243, 1503100126, '许新岳', '大学英语-4', 3, '74', '必修课', '2015-2016', '1', 10),
(244, 1503100126, '许新岳', '概率统计', 3, '78', '必修课', '2015-2016', '1', 10),
(245, 1503100126, '许新岳', '金工实习', 3, '76', '必修课', '2015-2016', '1', 10),
(246, 1503100126, '许新岳', '马克思主义基本原理', 3, '74', '必修课', '2015-2016', '1', 10),
(247, 1503100126, '许新岳', '模拟电子技术', 4, '80', '必修课', '2015-2016', '1', 10),
(248, 1503100126, '许新岳', '生活中的法律', 1, '', '公共选修课', '2015-2016', '1', 10),
(249, 1503100126, '许新岳', '微机原理与接口技术', 4, '73', '必修课', '2015-2016', '1', 10),
(250, 1503100126, '许新岳', '信号与系统', 4, '83', '必修课', '2015-2016', '1', 10),
(251, 1503100128, '姚广', '大学体育-4', 1, '94', '必修课', '2015-2016', '1', 10),
(252, 1503100128, '姚广', '大学物理实验A-2', 2, '中等', '必修课', '2015-2016', '1', 10),
(253, 1503100128, '姚广', '大学英语-4', 3, '66', '必修课', '2015-2016', '1', 10),
(254, 1503100128, '姚广', '概率统计', 3, '78', '必修课', '2015-2016', '1', 10),
(255, 1503100128, '姚广', '金工实习', 3, '71', '必修课', '2015-2016', '1', 10),
(256, 1503100128, '姚广', '马克思主义基本原理', 3, '63', '必修课', '2015-2016', '1', 10),
(257, 1503100128, '姚广', '模拟电子技术', 4, '44', '必修课', '2015-2016', '1', 10),
(258, 1503100128, '姚广', '生活中的法律', 1, '', '公共选修课', '2015-2016', '1', 10),
(259, 1503100128, '姚广', '微机原理与接口技术', 4, '49', '必修课', '2015-2016', '1', 10),
(260, 1503100128, '姚广', '信号与系统', 4, '56', '必修课', '2015-2016', '1', 10),
(261, 1503100129, '张波', '大学体育-4', 1, '100', '必修课', '2015-2016', '1', 10),
(262, 1503100129, '张波', '大学物理实验A-2', 2, '良好', '必修课', '2015-2016', '1', 10),
(263, 1503100129, '张波', '大学英语-4', 3, '77', '必修课', '2015-2016', '1', 10),
(264, 1503100129, '张波', '概率统计', 3, '82', '必修课', '2015-2016', '1', 10),
(265, 1503100129, '张波', '金工实习', 3, '75', '必修课', '2015-2016', '1', 10),
(266, 1503100129, '张波', '马克思主义基本原理', 3, '73', '必修课', '2015-2016', '1', 10),
(267, 1503100129, '张波', '模拟电子技术', 4, '85', '必修课', '2015-2016', '1', 10),
(268, 1503100129, '张波', '生活中的法律', 1, '', '公共选修课', '2015-2016', '1', 10),
(269, 1503100129, '张波', '微机原理与接口技术', 4, '81', '必修课', '2015-2016', '1', 10),
(270, 1503100129, '张波', '信号与系统', 4, '89', '必修课', '2015-2016', '1', 10),
(271, 1503100130, '张超', '大学体育-4', 1, '94', '必修课', '2015-2016', '1', 10),
(272, 1503100130, '张超', '大学物理实验A-2', 2, '良好', '必修课', '2015-2016', '1', 10),
(273, 1503100130, '张超', '大学英语-4', 3, '73', '必修课', '2015-2016', '1', 10),
(274, 1503100130, '张超', '概率统计', 3, '76', '必修课', '2015-2016', '1', 10),
(275, 1503100130, '张超', '金工实习', 3, '80', '必修课', '2015-2016', '1', 10),
(276, 1503100130, '张超', '马克思主义基本原理', 3, '67', '必修课', '2015-2016', '1', 10),
(277, 1503100130, '张超', '模拟电子技术', 4, '66', '必修课', '2015-2016', '1', 10),
(278, 1503100130, '张超', '生活中的法律', 1, '', '公共选修课', '2015-2016', '1', 10),
(279, 1503100130, '张超', '微机原理与接口技术', 4, '73', '必修课', '2015-2016', '1', 10),
(280, 1503100130, '张超', '信号与系统', 4, '77', '必修课', '2015-2016', '1', 10),
(281, 1503100131, '张海柳', '大学体育-4', 1, '92', '必修课', '2015-2016', '1', 10),
(282, 1503100131, '张海柳', '大学物理实验A-2', 2, '良好', '必修课', '2015-2016', '1', 10),
(283, 1503100131, '张海柳', '大学英语-4', 3, '76', '必修课', '2015-2016', '1', 10),
(284, 1503100131, '张海柳', '概率统计', 3, '61', '必修课', '2015-2016', '1', 10),
(285, 1503100131, '张海柳', '金工实习', 3, '80', '必修课', '2015-2016', '1', 10),
(286, 1503100131, '张海柳', '马克思主义基本原理', 3, '72', '必修课', '2015-2016', '1', 10),
(287, 1503100131, '张海柳', '模拟电子技术', 4, '62', '必修课', '2015-2016', '1', 10),
(288, 1503100131, '张海柳', '生活中的法律', 1, '', '公共选修课', '2015-2016', '1', 10),
(289, 1503100131, '张海柳', '微机原理与接口技术', 4, '71', '必修课', '2015-2016', '1', 10),
(290, 1503100131, '张海柳', '信号与系统', 4, '75', '必修课', '2015-2016', '1', 10),
(291, 1503100132, '周长飞', '大学体育-4', 1, '89', '必修课', '2015-2016', '1', 10),
(292, 1503100132, '周长飞', '大学物理实验A-2', 2, '良好', '必修课', '2015-2016', '1', 10),
(293, 1503100132, '周长飞', '大学英语-4', 3, '76', '必修课', '2015-2016', '1', 10),
(294, 1503100132, '周长飞', '概率统计', 3, '75', '必修课', '2015-2016', '1', 10),
(295, 1503100132, '周长飞', '金工实习', 3, '80', '必修课', '2015-2016', '1', 10),
(296, 1503100132, '周长飞', '马克思主义基本原理', 3, '76', '必修课', '2015-2016', '1', 10),
(297, 1503100132, '周长飞', '模拟电子技术', 4, '66', '必修课', '2015-2016', '1', 10),
(298, 1503100132, '周长飞', '生活中的法律', 1, '', '公共选修课', '2015-2016', '1', 10),
(299, 1503100132, '周长飞', '微机原理与接口技术', 4, '74', '必修课', '2015-2016', '1', 10),
(300, 1503100132, '周长飞', '信号与系统', 4, '78', '必修课', '2015-2016', '1', 10),
(301, 1503100133, '朱长健', '大学体育-4', 1, '94', '必修课', '2015-2016', '1', 10),
(302, 1503100133, '朱长健', '大学物理实验A-2', 2, '良好', '必修课', '2015-2016', '1', 10),
(303, 1503100133, '朱长健', '大学英语-4', 3, '77', '必修课', '2015-2016', '1', 10),
(304, 1503100133, '朱长健', '概率统计', 3, '80', '必修课', '2015-2016', '1', 10),
(305, 1503100133, '朱长健', '金工实习', 3, '82', '必修课', '2015-2016', '1', 10),
(306, 1503100133, '朱长健', '马克思主义基本原理', 3, '80', '必修课', '2015-2016', '1', 10),
(307, 1503100133, '朱长健', '模拟电子技术', 4, '69', '必修课', '2015-2016', '1', 10),
(308, 1503100133, '朱长健', '生活中的法律', 1, '', '公共选修课', '2015-2016', '1', 10),
(309, 1503100133, '朱长健', '微机原理与接口技术', 4, '90', '必修课', '2015-2016', '1', 10),
(310, 1503100133, '朱长健', '信号与系统', 4, '85', '必修课', '2015-2016', '1', 10);

-- --------------------------------------------------------

--
-- 表的结构 `tp_stubase`
--

CREATE TABLE IF NOT EXISTS `tp_stubase` (
  `id` int(11) NOT NULL AUTO_INCREMENT,
  `stuclass` varchar(64) DEFAULT NULL COMMENT '班级 1-计软1401 2-计软1401 3-计1401',
  `stuid` int(16) NOT NULL COMMENT '学号',
  `stuname` varchar(32) DEFAULT NULL COMMENT '姓名',
  `sex` int(1) NOT NULL DEFAULT '1' COMMENT '0-女生 ,1-男生',
  `idcard` char(20) DEFAULT NULL COMMENT '身份证',
  `phone` char(20) DEFAULT NULL COMMENT '手机号',
  `email` char(32) DEFAULT NULL COMMENT '电子邮箱',
  `teacher` varchar(32) NOT NULL COMMENT '导师',
  `password` varchar(64) NOT NULL COMMENT '密码',
  `flag` int(2) NOT NULL DEFAULT '0' COMMENT '激活状态',
  `nj` int(11) NOT NULL COMMENT '年级',
  PRIMARY KEY (`id`)
) ENGINE=MyISAM  DEFAULT CHARSET=utf8 AUTO_INCREMENT=533 ;

--
-- 转存表中的数据 `tp_stubase`
--

INSERT INTO `tp_stubase` (`id`, `stuclass`, `stuid`, `stuname`, `sex`, `idcard`, `phone`, `email`, `teacher`, `password`, `flag`, `nj`) VALUES
(1, '测控1501', 1503150101, '曹永芳', 0, '320683199704271562', '15850752529', '755102823@qq.com', '易阳', 'aa7063d0f940b28cc49fc5cd465c7bf5', 1, 15),
(2, '测控1501', 1503150102, '陈莹', 0, '350322199512174369', '18795870370', '1162217737@qq.com', '谢明', '981aca4c3d8f474fad017994824f0738', 0, 15),
(3, '测控1501', 1503150103, '丁海静', 0, '320621199711227325', '18751977099', '2224790971@qq.com', '张兴华', 'a3b98274b915152731cc4f9332e4b2d3', 0, 15),
(4, '测控1501', 1503150104, '黄敏', 0, '320681199802063828', '18761605766', '18761605766@139.com', 'chellali', '05b499dbf75fe57b87dd072912e67bdb', 0, 15),
(5, '测控1501', 1503150105, '李佳磊', 0, '320684199610096421', '18752018058', '1131322781@qq.com', '舒志兵', 'eea68ba22a38597916eab992ce7bc307', 0, 15),
(6, '测控1501', 1503150106, '李嘉欣', 0, '140108199712185540', '18751800150', '无', '王鑫国', '4cfabe4180d381f0052a80b558c75f49', 0, 15),
(7, '测控1501', 1503150107, '孙晨暄', 0, '130528199801106029', '15094463869', '1095126907@qq.com', '沈捷', '96a21c19f02f788fd48c3f12fe41eb35', 0, 15),
(8, '测控1501', 1503150108, '吴玉婷', 0, '445322199511055567', '18752010697', '275366948@qq.com', '陈玉明', '78382146ff9a0a92f3a99890c9b6c0fd', 0, 15),
(9, '测控1501', 1503150109, '安天宇', 1, '211282199701100810', '13062556572', '928836337@qq.com', '丁松', 'b771577ee1f51000c1703ff451cb3f4a', 0, 15),
(10, '测控1501', 1503150110, '陈龙', 1, '412829199609283617', '15651749675', '1848304713@qq.com', '魏明珠', '89ce2abd767e51472c3b42966d3cf886', 0, 15),
(11, '测控1501', 1503150111, '陈彦名', 1, '430523199605302515', '18761805225', '837918238@qq.com', '王婷', 'cd563eb07f52977e69601f8b02d81a19', 0, 15),
(12, '测控1501', 1503150112, '陈洋', 1, '510923199806174419', '18761600789', '1733780017@qq.com', '秦雯', 'b74f1ad82a9b3248e5aab68cd59bf8a9', 0, 15),
(13, '测控1501', 1503150113, '代晓俊', 1, '342422199608013872', '15951653752', '1244880381@qq.com', '王丽华', '6201535bfa580fed9604c06e38a25934', 0, 15),
(14, '测控1501', 1503150114, '丁淦', 1, '320981199509205491', '18751807866', '541719063@qq.com', '易阳', 'c4150ddfeec8a50448f737929cff7572', 0, 15),
(15, '测控1501', 1503150115, '霍志浩', 1, '140521199611039416', '15951655125', '15951655125@qq.com', '谢明', 'a85f95d157d3b1ae8bc98e0ea3532652', 0, 15),
(16, '测控1501', 1503150116, '蒋天启', 1, '620502199606243135', '18068823659', '1215476490@qq.com', '张兴华', '99e401bacc7dbd36c0129e2d7812d720', 0, 15),
(17, '测控1501', 1503150117, '李子天', 1, '320703199612260018', '18751803789', '785395564@qq.com', 'chellali', 'b0db86f7aa559ae85c276d56d0463123', 0, 15),
(18, '测控1501', 1503150118, '刘倍宏', 1, '211223199706031412', '18795805335', 'liubeihongtielin@.vip.qq.com', '舒志兵', '903ae35871239a191318c6ead31c6099', 0, 15),
(19, '测控1501', 1503150119, '刘意', 1, '370102199705120612', '15951655095', '764997690@qq.com', '王鑫国', 'dcbfd6d278f627179f033ba2b1f821a7', 0, 15),
(20, '测控1501', 1503150120, '马者威龙', 1, '130106199707152416', '18751803232', '895961554@qq.com', '沈捷', '2fbfdae6c0ba09519ebe8a75c6b24a3c', 0, 15),
(21, '测控1501', 1503150121, '孙伟斌', 1, '41030519951112401X', '18795805608', 'm15137933286@126.com', '陈玉明', 'd1f9bcbeda8f0af557326e0ccd48ba13', 0, 15),
(22, '测控1501', 1503150122, '孙逸舟', 1, '321181199710310418', '15651906616', '1594293255@qq.com', '丁松', '02a8e28084aacca4274bbe8f21f6a448', 0, 15),
(23, '测控1501', 1503150123, '汪梦龙', 1, '430522199610101412', '18751977070', '913900506@qq.com', '魏明珠', 'f35cbfe4e41b503076c1a7583f298316', 0, 15),
(24, '测控1501', 1503150124, '吴健', 1, '340823199711272916', '17760879286', '1531953113@qq.com', '王婷', '4ecd0f8b8c8458bd5319c5d34dd94cb8', 0, 15),
(25, '测控1501', 1503150125, '夏维新', 1, '342622199603046457', '17756082702', '1364385167@qq.com', '秦雯', '7a68558f58ae8afe4735f9937d9e0cc0', 0, 15),
(26, '测控1501', 1503150126, '詹文博', 1, '331081199610273011', '18751971115', '840055628@qq.com', '王丽华', '629c7a4b003fbb24e9d369e0eb59dbb2', 0, 15),
(27, '测控1501', 1503150127, '张恒滔', 1, '530424199701041014', '18795803008', '603269989@qq.com', '易阳', '8abc51517695302aaa4d3caa1ff346bf', 0, 15),
(28, '测控1501', 1503150128, '张兴骞', 1, '620421199502025516', '18751976609', '742650146@qq.com', '谢明', 'bad5cee022260da2a4fafdff8fd579f0', 0, 15),
(29, '测控1501', 1503150129, '张正彬', 1, '653101199603012016', '15739553962', '1505514500@qq.com', '张兴华', '93caaa6de5a50da024c0074be25a9311', 0, 15),
(30, '测控1502', 1503150201, '郭昕君', 0, '350500199703238049', '18859518993', 'xxxcynthia@icloud.com', '', 'c87da14393c05b9213d84295462289d3', 0, 15),
(31, '测控1502', 1503150202, '胡叶', 0, '320522199704227328', '15850752710', '602864636@qq.com', '', '29253d7db799e7d654200efd465b571c', 0, 15),
(32, '测控1502', 1503150203, '雷继萍', 0, '410622199703190049', '18761602399', '3250573993@qq.com', '', '1940fa1f85f02578e0c8ea6ecd25ae28', 0, 15),
(33, '测控1502', 1503150204, '刘白云', 0, '500102199707244568', '15951653833', '382526654@qq.com', '', '61cd49c61fc5f44ba1fdf5b18052590d', 0, 15),
(34, '测控1502', 1503150205, '吴雅静', 0, '140203199707190429', '15951611907', '984427855@qq.com', '', 'aafbb4f6dc04f6cff3c79641b250dbf8', 0, 15),
(35, '测控1502', 1503150206, '徐碧云', 0, '321283199709277620', '18362086356', '476735878@qq.com', '', '46dd529586cbda75a6fd7cb6e7f4729a', 0, 15),
(36, '测控1502', 1503150207, '张倩', 0, '140829199612270027', '18752092328', '773697681@qq.com', '', '6bdbe427a20e6e6d07b199dfe653c376', 0, 15),
(37, '测控1502', 1503150208, '朱斐悦', 0, '321088199610173400', '18752010630', '1505220686@qq.com', '', '1a1a30afaf12e5918a51b4c20930dc16', 0, 15),
(38, '测控1502', 1503150209, '丁豪', 1, '142726199709140015', '18761608880', '530212057@qq.com', '', 'bfefab0f0c30c77c3a3c9b85bd9be6da', 0, 15),
(39, '测控1502', 1503150210, '丰晋东', 1, '140622199604193310', '13753084014', '1121154736@qq.com', '', '56e9a745bf1e2ec1de4e91cf1665cb70', 0, 15),
(40, '测控1502', 1503150211, '贾晓鸣', 1, '622826199711130617', '18751976296', '997044907@qq.com', '', '61c9833cf5fdd9ddafd9c2247535df7e', 0, 15),
(41, '测控1502', 1503150212, '李东杰', 1, '410185199602249855', '18351806392', '1609922525@qq.com', '', '9925c4be894acb8f34205b71f28fa5aa', 0, 15),
(42, '测控1502', 1503150213, '李权津', 1, '230602199710151735', '18752093939', '1445691541@qq.com', '', '71a441c837a6330c541e84b8ef430012', 0, 15),
(43, '测控1502', 1503150214, '李昕', 1, '532129199602060014', '13062550081', '364556917@qq.com', '', '79e6afa3ca699f4f69518f3e62f3daf8', 0, 15),
(44, '测控1502', 1503150215, '刘春嘉', 1, '210603199709242018', '13062556583', 'alphang1974@foxmail.com', '', '22f2355e56e76d44ec03d8ee721e7750', 0, 15),
(45, '测控1502', 1503150216, '浦昊阳', 1, '321181199704140213', '18752015528', '564496606@qq.com', '', '31c98b37b0260f656fe5971cfa69185a', 0, 15),
(46, '测控1502', 1503150217, '沈运强', 1, '340121199603104332', '18761607771', '1390604917@qq.com', '', '6e2bb9c360ecae8fcf736e68363b15af', 0, 15),
(47, '测控1502', 1503150218, '汤海', 1, '430521199703084950', '18761601718', '1538249766@qq.com', '', '1ab0dc081ab56e99566cf5f00fff7538', 0, 15),
(48, '测控1502', 1503150219, '唐睿杰', 1, '650202199702181615', '18795906366', '510617138@qq.com', '', 'ec28a207c28e74be3067e9620a6d712c', 0, 15),
(49, '测控1502', 1503150220, '童文斌', 1, '34082319960910211x', '15951655167', '15951655167@qq.com', '', 'ae9a3bcd95b16f017ea628aca7aa5b2e', 0, 15),
(50, '测控1502', 1503150221, '王帆', 1, '331003199708230512', '18752092121', '824703789@qq.com', '', '550b2e77f3296c4309dea47fb34fffd1', 0, 15),
(51, '测控1502', 1503150222, '王佳伟', 1, '320321199511293858', '18351806693', '1778703426@qq.com', '', 'f0116b6c5a3fd4a80081987fa2873db1', 0, 15),
(52, '测控1502', 1503150223, '夏金鹏', 1, '320121199704210034', '18913391559', '1421222321@qq.com', '', '0fb3dcbbb67f47e6a0cf1c45f3d241cc', 0, 15),
(53, '测控1502', 1503150224, '姚鹏', 1, '62010219961018501X', '18761807979', '864851273@qq.com', '', 'a4519f6f9ba11940af01df8982d1482d', 0, 15),
(54, '测控1502', 1503150225, '张良承', 1, '370724199709300013', '18765738594', '1139276183@qq.com', '', 'f3ba1d90f6bc086f3c3b9f025ea981c8', 0, 15),
(55, '测控1502', 1503150226, '张逸伦', 1, '331023199707040317', '18351806250', '996815475@qq.com', '', '8eebc3a68e7c1270bbd7671aaaa4048f', 0, 15),
(56, '测控1502', 1503150227, '周庆', 1, '320481199705100833', '13601597415', '1262530638@qq.com', '', '5429260ef4d4c66441979400a517fe0e', 0, 15),
(57, '测控1502', 1503150228, '朱衍霖', 1, '370982199608071316', '15850753066', '2827887497@qq.com', '', 'a02bc92ef8afbb7e8a9f523bf16526ba', 0, 15),
(58, '测控1502', 1503150229, '朱钰', 1, '41282819970406183X', '18761807099', '1545855235@qq.com', '', '4b916891ab27212d9dda0c5c4d9ce70a', 0, 15),
(59, '电气1501', 1502150101, '任书慧', 0, '140109199710221022', '15333684886', '360167160@qq.com', '', 'c3822a7685de3547f5008e0681728c0e', 0, 15),
(60, '电气1501', 1502150102, '王逸', 0, '320681199802081444', '13862879920', '2218442153@qq.com', '', 'fb9d09abdb08b5ec09e45d3f005f46a3', 0, 15),
(61, '电气1501', 1502150103, '吴欣红', 0, '450421199509012521', '18351806177', '1135481239@qq.com', '', '0f97a6df3ab5e134a94fea005289852f', 0, 15),
(62, '电气1501', 1502150104, '陈家源', 1, '350702199705014739', '17721578505', '511204913@qq.com', '', '29911af52b5756f75b45a40a1b25dc1a', 0, 15),
(63, '电气1501', 1502150105, '陈俊生', 1, '371526199701080813', '15951845097', '457936959@qq.com', '', '5da00b228576bac7f542bd1659886b58', 0, 15),
(64, '电气1501', 1502150106, '凡鑫', 1, '320981199704252218', '13401793182', '528640391@qq.com', '', '185c40983593cb8c02316d6b2009bebc', 0, 15),
(65, '电气1501', 1502150107, '范冬楼', 1, '320683199712227019', '15851279578', '1213874631@qq.com', '', '0381d6d6de338b7488e1f03b646b3088', 0, 15),
(66, '电气1501', 1502150108, '冯佳期', 1, '330602199704181050', '18751973987', '871587893@qq.com', '', '42738296301d7f9eacf4323e35687295', 0, 15),
(67, '电气1501', 1502150109, '黄富幸', 1, '320681199707245818', '18752019198', '1721319171@qq.com', '', '6d773132155b6fd5152d6d82cdea4733', 0, 15),
(68, '电气1501', 1502150110, '赖光前', 1, '45092419970421511X', '18795800199', '2521334053@qq.com', '', 'c403787f0948d723c419f766008e04aa', 0, 15),
(69, '电气1501', 1502150111, '赖宇生', 1, '412826199610100313', '18362086369', '804741453@qq.com', '', '33c12eceda4246e6566d7386dc12b208', 0, 15),
(70, '电气1501', 1502150112, '雷皓森', 1, '513022199611294194', '18761807208', '752702804@qq.com', '', 'c0e88d90bdf4c8618b9900f0869339d2', 0, 15),
(71, '电气1501', 1502150113, '李京伦', 1, '120109199611117015', '18795909566', '874868504@qq.com', '', 'df392c9e0f135e955e2e3902ee3a196b', 0, 15),
(72, '电气1501', 1502150114, '李志强', 1, '421181199706029475', '18752091771', '1399509918@QQ.com', '', '6c94ea4ca46e370b45b9e9a3e0af461f', 0, 15),
(73, '电气1501', 1502150115, '梁宇', 1, '32092319970630601X', '18751807366', '1025768131@qq.com', '', 'b03c074d8146c9c7857fe31f0ab63f54', 0, 15),
(74, '电气1501', 1502150116, '马劲', 1, '321281199705047614', '18752090966', '909005762@qq.com', '', '7a410a7eb521713d8042ed71d803734a', 0, 15),
(75, '电气1501', 1502150117, '沈思路', 1, '321284199610181211', '13312136030', '1209583732@qq.com', '', 'f762bd91ad2fefdf5278207cbde5e767', 0, 15),
(76, '电气1501', 1502150118, '孙超凡', 1, '341125199705080374', '18751806378', '2910615791@qq.com', '', '9b62eaf7e2d1dea93b98a67df5d7112d', 0, 15),
(77, '电气1501', 1502150119, '唐雨生', 1, '340521199612034411', '15951652996', '342637607@qq.com', '', 'c691fad6b3461334936ff02d9eb97e26', 0, 15),
(78, '电气1501', 1502150120, '王青云', 1, '340102199707262010', '15951606257', '986436270@qq.com', '', '645debe446d98ecf7a7cf04eb5093a75', 0, 15),
(79, '电气1501', 1502150121, '王仁广', 1, '460004199508294030', '17714391090', '2464058928@qq.com', '', '0128aff616506d6283790e047a798dd4', 0, 15),
(80, '电气1501', 1502150122, '王一诺', 1, '14273319970921003X', '15951653775', '793825684@qq.com', '', '21b8ce40259c5f853b2350002376e170', 0, 15),
(81, '电气1501', 1502150123, '魏玮', 1, '370523199611130012', '18761603858', '861141542@qq.com', '', 'b697682d5bc11451820dc1657b3a6a68', 0, 15),
(82, '电气1501', 1502150124, '魏子轩', 1, '522732199709060013', '18752091628', '1227633022@qq.com', '', '68ed65e3fa0e8c3295d4edacce69f496', 0, 15),
(83, '电气1501', 1502150125, '肖嘉成', 1, '522222199612190014', '15951652939', '872326385@qq.com', '', '82c444f47e586b4fe6de3c31f5c49c66', 0, 15),
(84, '电气1501', 1502150126, '杨强', 1, '622201199602165415', '18761603335', '779772694@qq.com', '', 'cee9840a1e7c977e32723c96e2a829c8', 0, 15),
(85, '电气1501', 1502150127, '应泽航', 1, '330724199610105413', '18752099123', '912946337@qq.com', '', '8d8fbf4e32dd6783643985b25d8fefd4', 0, 15),
(86, '电气1501', 1502150128, '余文杰', 1, '140321199606111216', '18351806162', '970858575@qq.com', '', 'd4bdff08b4e22460ba53c0e036bca360', 0, 15),
(87, '电气1501', 1502150129, '赵明', 1, '620102199612095317', '18761605268', '782590116@qq.com', '', '8c97c6833f9c660d19540cbd1fc19f01', 0, 15),
(88, '电气1501', 1502150130, '朱若朴', 1, '220621199712110010', '15651746898', '849493284@qq.com', '', 'f454698d2bfa26bf38cf1e485c22fe55', 0, 15),
(89, '电气1502', 1502150201, '嵇雪丽', 0, '320826199708220221', '15651898590', '1144316813@qq.com', '', '591138257fd0b88fa8665e1c04342b02', 0, 15),
(90, '电气1502', 1502150202, '李颖业', 0, '532901199608242027', '15951606261', '2781048309@qq.com', '', '8e311436abde46303ee8fa60aebb9038', 0, 15),
(91, '电气1502', 1502150204, '蔡兴贵', 1, '460006199705088714', '18751972552', '1042346378@qq.com', '', 'cd764dade58419386bda93c007dc7fc1', 0, 15),
(92, '电气1502', 1502150205, '曹晏彰', 1, '210211199801030913', '13062556557', 'caoyanzhang2@163.com', '', 'e933f5e6bd21b47ad3612383354e67b6', 0, 15),
(93, '电气1502', 1502150206, '陈浩', 1, '330226199609160015', '18761609368', '934775061@qq.com', '', '7576db370e5230f31e28feca9e2d2af1', 0, 15),
(94, '电气1502', 1502150207, '陈伟民', 1, '35078319941208351X', '18752011298', '1522918981@qq.com', '', '4e24a985124c04fcbd88a0d8c735fbb3', 0, 15),
(95, '电气1502', 1502150208, '范涛', 1, '152601199611110618', '18752098686', '569077930@qq.com', '', 'e1cbaf34ba93d3ad746ea1bd563cf0a7', 0, 15),
(96, '电气1502', 1502150209, '付军辉', 1, '34162119970815211X', '13851625705', '540061624@qq.com', '', '1b5e0a76270d235902ad8cc9c624adc6', 0, 15),
(97, '电气1502', 1502150210, '耿俊杰', 1, '32011319961120361X', '15366124526', '1951886758@qq.com', '', '4a75c67466b5c0837141cb67f5d1e665', 0, 15),
(98, '电气1502', 1502150211, '顾成杰', 1, '320483199702200954', '15850753629', '632250679@qq.com', '', '813105842f3d10c5c52914f53bb89438', 0, 15),
(99, '电气1502', 1502150212, '侯顺顺', 1, '522228199411141716', '18795802308', '1803958985@qq.com', '', '40dc0a2e715ad1a0a6a073802d5cf9c5', 0, 15),
(100, '电气1502', 1502150213, '胡天辰', 1, '110105199610249537', '18761805299', '1207877323@qq.com', '', 'cfd210376c70d026bd82d52559f0e864', 0, 15),
(101, '电气1502', 1502150214, '黄金宝', 1, '321322199708174438', '18362086267', 'adszdf@outlook.com', '', '9cb8d84fcefc60736f012bab4343f650', 0, 15),
(102, '电气1502', 1502150215, '李博文', 1, '622301199510016434', '18761808398', '1013584733@qq.com', '', '061a0af6b8dd9e534dbc789a1625dd41', 0, 15),
(103, '电气1502', 1502150216, '李建业', 1, '130826199606275314', '18068827836', '1940145658@qq.com', '', '0469472ff32c723083e2132ed265a78f', 0, 15),
(104, '电气1502', 1502150217, '李铭哲', 1, '14098119980828005X', '18351806573', '704959053@qq.com', '', '06e795f9433ed494df67b7bdde179811', 0, 15),
(105, '电气1502', 1502150218, '陆圣豪', 1, '340103199612253011', '18751803566', '1052465889@qq.com', '', '96871a615eb94ccc497f888f1db5fd08', 0, 15),
(106, '电气1502', 1502150219, '马臻勋', 1, '330424199612190010', '18752099278', '769149515@qq.com', '', '1aecc03f200b5e572ab52304c3c10827', 0, 15),
(107, '电气1502', 1502150220, '缪猛', 1, '530125199604170818', '18761606987', '1608749400@qq.com', '', 'c3b4aeef6320cfdd51a7cda17841ac85', 0, 15),
(108, '电气1502', 1502150221, '尚浩然', 1, '320104199609242832', '13770821169', '785921601@qq.com', '', '70747d2b06473d5722cb34d7c46ac3a0', 0, 15),
(109, '电气1502', 1502150222, '宋晓华', 1, '420624199703308312', '18795908278', '1242732454@qq.com', '', '2a01040985fa1fb846f56b740d4bb1d1', 0, 15),
(110, '电气1502', 1502150223, '孙宇晟', 1, '32010719961008501x', '18013891654', '897165403@qq.com', '', '655ee1e6659b5cd9ebcbefc4a79ec853', 0, 15),
(111, '电气1502', 1502150224, '王丁丑', 1, '340825199711020279', '18069786476', '1442494103@qq.com', '', 'f3b18b1dbee8659301cbbb98b92bff7c', 0, 15),
(112, '电气1502', 1502150225, '王金涛', 1, '41272119960103031X', '18761809696', '475437032@qq.com', '', '65ebab0055a2bee7d964c9d8f6a2cc09', 0, 15),
(113, '电气1502', 1502150226, '王润泽', 1, '370305199707125310', '18751970578', '894850461@QQ.com', '', '96352407783cc07efd683fbcc673d318', 0, 15),
(114, '电气1502', 1502150227, '王世博', 1, '460027199708100039', '18351805685', 'www.360319174@qq.com', '', '419c7254956d763cde8891b26f6f1cc8', 0, 15),
(115, '电气1502', 1502150228, '吴中孚', 1, '450204199612170010', '18752093336', '326646217@qq.com', '', 'b57c8e12aa88a99131026b8561d94725', 0, 15),
(116, '电气1502', 1502150229, '张飒', 1, '32072319961230483X', '18752011958', '2091364814@qq.com', '', '7ea4f1a79ebecc2de9021a0803db5ac5', 0, 15),
(117, '电气1502', 1502150230, '赵龙峰', 1, '620422199408021136', '18068825071', '1634023479@qq.com', '', 'ffd93186ca888e80ea742effcf7428b8', 0, 15),
(118, '电气1503', 1502150301, '陆湘楠', 0, '21010219970318604x', '13614031371', '673541769@qq.com', '', '890dc6e16a2ac3e0562e34155dd31c23', 0, 15),
(119, '电气1503', 1502150302, '马骞', 0, '620103199609292623', '18752010387', '1239243583@qq.com', '', 'b6a5f3adc8b08161951fe19ca2af544c', 0, 15),
(120, '电气1503', 1502150303, '武静', 0, '410522199607292461', '18761608078', '644752675@qq.com', '', '8dac0b47ad34006e6fd99d62f30a9253', 0, 15),
(121, '电气1503', 1502150304, '陈鹏飞', 1, '622421199612255218', '18761803799', '841944792@qq.com', '', '11eab67454579f25a2ed056c50f8970c', 0, 15),
(122, '电气1503', 1502150305, '樊卓杨', 1, '142724199610122156', '13062555236', '811365920@qq.com', '', '49992764488b94fd74e50cb9506262cc', 0, 15),
(123, '电气1503', 1502150306, '顾杰', 1, '321281199705295335', '18751979191', '1260081078@qq.com', '', 'b2e4b8769fec6350f06a76d68bc3a19f', 0, 15),
(124, '电气1503', 1502150307, '嵇道祥', 1, '321323199606245115', '18752010366', '2860216580@qq.com', '', '11c3463376df86ecc692e27dd55e33d7', 0, 15),
(125, '电气1503', 1502150308, '李一鸣', 1, '520113199702210417', '18351806587', '964818035@qq.com', '', 'f1400fefc5aa8acec428881d63ae6060', 0, 15),
(126, '电气1503', 1502150309, '李又卓', 1, '120223199608093115', '18730610149', '827364948@qq.com', '', '45a4f0be8850f7c0b77f2768ff45485e', 0, 15),
(127, '电气1503', 1502150310, '刘杰', 1, '370281199612094938', '18761601866', '1050409839@qq.com', '', '60dbfe11477fdb7d543bd2f8c224722e', 0, 15),
(128, '电气1503', 1502150311, '梅康', 1, '522528199612233613', '15850750909', '1247895593@qq.com', '', 'd579ff35e168c385694bcb3fd6afd653', 0, 15),
(129, '电气1503', 1502150312, '寿开元', 1, '330681199606295498', '18752015567', '1065911990@qq.com', '', '2ef11381f8902aa3861f29399fa1b937', 0, 15),
(130, '电气1503', 1502150313, '唐沁珂', 1, '320211199705203410', '15850755086', '809940974@qq.com', '', 'ebb4675973892cc1a287deb4aceaa047', 0, 15),
(131, '电气1503', 1502150314, '陶醉', 1, '320682199603032195', '18752015968', '404790429@qq.com', '', 'f33919a1fb0af3fe6ac547426f1fd29c', 0, 15),
(132, '电气1503', 1502150315, '王川', 1, '321023199609214617', '18752015656', '1275552944@qq.com', '', 'fd7addb4cacf017ed57fa872ca8f092b', 0, 15),
(133, '电气1503', 1502150316, '王敏', 1, '460200199712010037', '15261822669', '274232302@qq.com', '', '694017ea23e7151318a8973fb4859fb2', 0, 15),
(134, '电气1503', 1502150317, '王世震', 1, '220521199609254811', '15951655011', '1636588181@qq.com', '', 'f1def694ae1f5553c80d94fabd41898a', 0, 15),
(135, '电气1503', 1502150318, '王顺理', 1, '320106199703102417', '18761605928', 'shunliwang902@163.com', '', 'f283e29f13befa11e063199490de8cc0', 0, 15),
(136, '电气1503', 1502150319, '魏天昊', 1, '130902199707191210', '18795801968', '747552169@qq.com', '', '29e2a9343623a38dba07b599ab684b9d', 0, 15),
(137, '电气1503', 1502150320, '吴京周', 1, '350821199607133632', '15850759123', '806612662@qq.com', '', '97d9cd3c4293609345778739e8adcadf', 0, 15),
(138, '电气1503', 1502150321, '武洁', 1, '34240119971206941X', '18919765480', '2634271240@qq.com', '', 'f6ecac700e6b8efe70c6cf8078c94625', 0, 15),
(139, '电气1503', 1502150322, '徐冠中', 1, '152722199701027372', '18761809668', '976202638@qq.com', '', '24f13397b73c98f51a8954e51f3ffb16', 0, 15),
(140, '电气1503', 1502150323, '杨绍锋', 1, '45080319961229639X', '18751800313', '1120456297@qq.com', '', 'e369aacfb199035b7c68b8e2689bd162', 0, 15),
(141, '电气1503', 1502150324, '章春晖', 1, '320682199703147475', '15850756580', '1359328044@qq.com', '', '0ce1a692cd89ba9303559cb09c9d2b35', 0, 15),
(142, '电气1503', 1502150325, '章翔', 1, '430602199708052516', '18795800770', '249915900@qq.com', '', '343013cdd5ed8fce3bd968ed9dd80f40', 0, 15),
(143, '电气1503', 1502150326, '赵益南', 1, '331002199611112011', '13456494622', '519185487@qq.com', '', '82952e0e2752f26944ccde8ae666559f', 0, 15),
(144, '电气1503', 1502150327, '赵振荣', 1, '530324199711130736', '15187901561', '2845879577@qq.com', '', 'd08f92a1217ac3b1b22093ef6e4c986f', 0, 15),
(145, '电气1503', 1502150328, '朱江楠', 1, '412723199702053433', '18362086276', '1278009006@qq.com', '', 'c7f810e3855df6fd72288637e5cd4ce7', 0, 15),
(146, '电智1501', 1504150101, '黄玉婷', 0, '32068219971102896X', '15261809785', '624839780@qq.com', '', 'ece8efb5866cf091407008d8e715ac7d', 0, 15),
(147, '电智1501', 1504150102, '孔仪', 0, '320125199703073328', '18260073712', 'kongyi_zzz@163.com', '', '14ae490dd1c7bb837f1cdec08b43e871', 0, 15),
(148, '电智1501', 1504150103, '王婷婷', 0, '320981199707095967', '18761806099', '33893524@qq.com', '', 'aa26e6e1dea24393062f425066c13e18', 0, 15),
(149, '电智1501', 1504150104, '杨慧蓉', 0, '320981199708262464', '18752096566', '2803700030@qq.com', '', 'ff352f634704ba206286cfe0a11604f0', 0, 15),
(150, '电智1501', 1504150105, '杨敏', 0, '321088199701183401', '18752099266', '1159746695@qq.com', '', '4e43cffd0f068e8bc0b1f05811a91f13', 0, 15),
(151, '电智1501', 1504150106, '周颖', 0, '320923199610193321', '18752090330', '760831038@qq.com', '', 'cd6cf547084e37728c02a722261dccd4', 0, 15),
(152, '电智1501', 1504150107, '储呈煜', 1, '320621199702012816', '13347802036', '2536480815@QQ.com', '', '4c4fcf04e77cb54a9ca7f77821d1cc91', 0, 15),
(153, '电智1501', 1504150108, '单智雄', 1, '320882199508223816', '18752011708', '1152585139@qq.com', '', 'd43bafb10eb57e39fe844d29e5106ef4', 0, 15),
(154, '电智1501', 1504150109, '丁瑞', 1, '320107199611232616', '18851763299', '1772399847@qq.com', '', '1767fc2ce1f20759addb12a69b4e2b3a', 0, 15),
(155, '电智1501', 1504150110, '葛威', 1, '32132219950714681X', '18752013998', '2653352545@qq.com', '', '3d550d77fe50a7b82b54131832f9b5e2', 0, 15),
(156, '电智1501', 1504150111, '季经纬', 1, '321088199709085558', '18001596780', '624097760@qq.com', '', 'ef70d22a90dcb05c4b22f142a135f1ae', 0, 15),
(157, '电智1501', 1504150112, '李金涛', 1, '320281199703171012', '13338157622', '840810354@qq.com', '', 'c6dff24ae5f38baceea4cf67dc410ce0', 0, 15),
(158, '电智1501', 1504150113, '林嘉恒', 1, '320281199611064519', '18751805552', '837877730@qq.com', '', 'e3af277a7f66456d1719333796654a08', 0, 15),
(159, '电智1501', 1504150114, '林志峰', 1, '320123199707084611', '18751806958', '784878134@qq.com', '', 'a3e168b5600aa9aeefe433b226868d56', 0, 15),
(160, '电智1501', 1504150115, '时鑫', 1, '321081199703271515', '18751978928', '1312632407@qq.com', '', 'bebfaeb9c899874e3890daf9c00050b3', 0, 15),
(161, '电智1501', 1504150116, '孙梦江', 1, '320582199708227313', '18351806112', '787201435@qq.com', '', 'd7a5f7989391ef27c244628e235794ab', 0, 15),
(162, '电智1501', 1504150117, '唐家尧', 1, '321182199701034315', '18351806517', 'Y517092842@QQ.COM', '', '7a4e7524542b658f77d5599e9a2ff020', 0, 15),
(163, '电智1501', 1504150118, '王杰', 1, '321088199607143956', '18751971508', '1430259971@qq.com', '', '8769d8758115b9fbd643ebda0c0a8896', 0, 15),
(164, '电智1501', 1504150119, '王楷文', 1, '320107199702120812', '18013341997', '781472576@qq.com', '', 'ddc5e1847542b213fd79d477de73e5ea', 0, 15),
(165, '电智1501', 1504150120, '王龙雨', 1, '320721199610240657', '18752012766', '1466101900@qq.com', '', '9704cd69becedcd3949c7c303a0a516e', 0, 15),
(166, '电智1501', 1504150121, '徐金龙', 1, '320623199609148615', '18751976598', '496361535@qq.com', '', '1118f5bebfbb59ba21c83e8ca49e6681', 0, 15),
(167, '电智1501', 1504150122, '徐洋', 1, '321281199801237290', '18761800128', '1278467499@qq.com', '', '80ee3a5f4e892d64676c9927c29d359e', 0, 15),
(168, '电智1501', 1504150123, '颜文秀', 1, '321284199708014411', '18795870255', '2432117245@qq.com', '', '2c65a50312d64e7262e825478453a319', 0, 15),
(169, '电智1501', 1504150124, '殷浩', 1, '320981199802213490', '18761809218', '2919835860@qq.com', '', 'a2d18686cb2b44a92fc75da60d556ba4', 0, 15),
(170, '电智1501', 1504150125, '张震', 1, '320722199402272618', '18351806133', '904856681@qq.com', '', '78843478023df117226202825b52996d', 0, 15),
(171, '电智1501', 1504150126, '赵子威', 1, '321324199703220055', '15850755726', '77695373@qq.com', '', '4d8445076effffa118406af8e3a199e6', 0, 15),
(172, '电智1501', 1504150127, '周孜恒', 1, '321081199608270012', '18351806680', '572335202@qq.com', '', '73957804cc613c523bf0243b9ea9a100', 0, 15),
(173, '电智1501', 1504150128, '朱驰', 1, '32132219951008025X', '15850751719', '294873689@qq.com', '', '4c22b7bb517304ee07bc0865ba838b46', 0, 15),
(174, '电智1501', 1504150129, '朱赛杰', 1, '320683199609278010', '18751801236', '916492312@qq.com', '', 'a37e7c102b82d0d505257e8de2f71ec1', 0, 15),
(175, '电智1502', 1504150201, '茅越', 0, '320112199709101623', '18351806586', '1044001845@qq.com', '', 'a62e20650e4616e1a21cea330bca2861', 0, 15),
(176, '电智1502', 1504150202, '王藤蓉', 0, '321283199611299020', '18751971766', '609740227@qq.com', '', '01bda3ff54f93d0659448f2b583636a6', 0, 15),
(177, '电智1502', 1504150203, '殷红', 0, '321281199712215348', '15951653563', 'xhlczcyh@126.com', '', '1ac4b2b87097c20ae040e1172c707d0b', 0, 15),
(178, '电智1502', 1504150204, '赵娟娟', 0, '32072319951223386X', '15951655092', '1512530732@qq.com', '', 'a3c167c9489cde0f089ca20010a3092a', 0, 15),
(179, '电智1502', 1504150205, '朱雅倩', 0, '321088199611247547', '18351805982', '550403714@qq.com', '', 'b383c569b0bc7dcc145a668a26d3f3a7', 0, 15),
(180, '电智1502', 1504150206, '蔡威', 1, '321023199706175613', '18761802858', '1550267451@qq.com', '', '058d9d301662c63340bdad2873562267', 0, 15),
(181, '电智1502', 1504150207, '丁徐哲', 1, '320281199701130778', '18761605668', '1017936994@qq.com', '', 'e5b6ef7175ef71f576fa0e7c7cd71f39', 0, 15),
(182, '电智1502', 1504150208, '蒋济远', 1, '320902199705163019', '18761809658', '1362736512@qq.com', '', '44153cfa40496218fc29c9cc85bbe25a', 0, 15),
(183, '电智1502', 1504150209, '马骑龙', 1, '32132419960721101x', '18751971890', '75905279@qq.com', '', '79944c53175647aa09e772552cf025b1', 0, 15),
(184, '电智1502', 1504150210, '梅晨昊', 1, '320114199703253311', '18118990397', 'meichenhao@vip.qq.com', '', 'f87612137da25609c65d9ce8c430b621', 0, 15),
(185, '电智1502', 1504150211, '裘鹏飞', 1, '320821199702234516', '18351805990', '2249910477@qq.com', '', 'b19269f972d4fe1107671da9411938f4', 0, 15),
(186, '电智1502', 1504150212, '史卫军', 1, '320411199612192215', '18752017578', '546301366@qq.com', '', '4d9b9f5da50de2ec1bdee134c0ab6590', 0, 15),
(187, '电智1502', 1504150213, '王邦兴', 1, '321081199705168415', '15951611775', '793138973@qq.com', '', '8e02ef68303380f85fde719b53d24edd', 0, 15),
(188, '电智1502', 1504150214, '王静', 1, '522423199610245314', '18751972958', '2414272947@qq.com', '', 'edefd38660a5379a3e55874e65ff8aca', 0, 15),
(189, '电智1502', 1504150215, '王添宇', 1, '320303199708270411', '18351806069', '452443579@qq.com', '', '413ef23c585215d72c0d3cca881fc95a', 0, 15),
(190, '电智1502', 1504150216, '王旭昌', 1, '321281199506025818', '18351805763', '526622929@qq.com', '', '27bc8d37750fafd45ed442ec1162733a', 0, 15),
(191, '电智1502', 1504150217, '王者', 1, '321321199609286219', '18251970628', '1527575760@qq.com', '', '32789cb9616637d57da91e4f41f313a3', 0, 15),
(192, '电智1502', 1504150218, '熊志轶', 1, '321282199708070031', '18751809218', '903171686@qq.com', '', '0746b7183759ead23ed67fead4da48ae', 0, 15),
(193, '电智1502', 1504150219, '徐铖', 1, '320483199509250933', '18752012118', '1667154347@qq.com', '', 'f7ed06e3f989bfb8dd76020230f110a5', 0, 15),
(194, '电智1502', 1504150220, '徐相会', 1, '320684199612200034', '18351806685', '775697288@qq.com', '', '2ed56fba507e8a81a1f70f0fcd2706f9', 0, 15),
(195, '电智1502', 1504150221, '姚光辉', 1, '32062119961004751X', '18751979528', '1290310400@qq.com', '', 'cbff63cc8699f093c5c022c5c89db53d', 0, 15),
(196, '电智1502', 1504150222, '袁少秋', 1, '320621199708120711', '15850752902', '836585969@qq.com', '', '503a8a6596a639510e1d66b50c4d8a05', 0, 15),
(197, '电智1502', 1504150223, '翟继宇', 1, '320323199706162017', '18351806727', '11037229637@qq.com', '', '856c4da81fdc6af3cb3fbfad7c20d8c9', 0, 15),
(198, '电智1502', 1504150224, '张程伟', 1, '320623199710198115', '18752093958', '1019061536@qq.com', '', 'c30d56125c86bb45d0854aaedf78834e', 0, 15),
(199, '电智1502', 1504150225, '张拓展', 1, '320682199710177170', '18751972566', '2055844945@qq.com', '', '3741a93e77a949be5e8d191c205ffadd', 0, 15),
(200, '电智1502', 1504150226, '张政', 1, '320621199611136338', '18751978758', '2572678794@qq.com', '', 'f9dd33f2e53168f442b24119cb5cd24e', 0, 15),
(201, '电智1502', 1504150227, '郑晔明', 1, '320802199704202017', '18795870686', '1228817572@qq.com', '', 'caa8b5b9aa95c171696544714d889225', 0, 15),
(202, '电智1502', 1504150228, '朱嘉舣', 1, '320281199701090016', '18751800295', '372918901@qq.com', '', 'f9df94e0112af70d4730940bca51f424', 0, 15),
(203, '电智1502', 1504150229, '左彤', 1, '320902199708273010', '18068864827', '978044621@qq.com', '', '7c79ed5b82e3468f0732e444d39f1762', 0, 15),
(204, '自1501', 1501150101, '陈雨薇', 0, '320125199702050044', '13327717680', '13327717680@163.com', '', '2c8264ce34589ac1cd6f3d733f12ac71', 0, 15),
(205, '自1501', 1501150102, '马兵', 0, '411328199708084643', '18761607098', '1026656511@qq.com', '', 'f11a5adc92acf370f1d34fb874408432', 0, 15),
(206, '自1501', 1501150103, '王梦凡', 0, '130683199801107320', '18752019278', '1194218615@qq.com', '', '6c82c609294af8c0e38d4422a4573a93', 0, 15),
(207, '自1501', 1501150104, '陈帅琪', 1, '330724199707280015', '15850750878', '735442273@qq.com', '', 'a3a6c15eab172f47ea0bc2c414fb35b8', 0, 15),
(208, '自1501', 1501150105, '邓廷进', 1, '522228199412163298', '18761803308', '827399298@qq.com', '', '1dd60a701e6d2d3163d4076c2426d921', 0, 15),
(209, '自1501', 1501150106, '丁文龙', 1, '320123199710101013', '18751803321', '2660963470@qq.com', '', '6b61eb3123986e41344446ed7142e194', 0, 15),
(210, '自1501', 1501150107, '樊泽宇', 1, '140108199605243610', '18761809228', '179978006@qq.com', '', '00ddf63b3c5996b7352250f55b04f32d', 0, 15),
(211, '自1501', 1501150108, '冯威', 1, '522124199609220857', '18585744067', '1341781525@qq.com', '', 'db24c289221a48036ab168a943a58262', 0, 15),
(212, '自1501', 1501150109, '官泽民', 1, '33052319960430251X', '18752095966', '296958861@qq.com', '', '41aa8c9e1d0ddb89d0722ef15b9728ba', 0, 15),
(213, '自1501', 1501150110, '胡恒督', 1, '320324199604153271', '18752012112', '619678828@qq.com', '', 'bec8f4866d126ac48c05cb504576f2ba', 0, 15),
(214, '自1501', 1501150111, '季伟', 1, '321282199705112013', '18362086289', '995028406@qq.com', '', '6281af4b50c606cb3e32aaccf55dcf6a', 0, 15),
(215, '自1501', 1501150112, '李德阳', 1, '460102199702012415', '15852911910', '296686869@qq.com', '', '1cafaae36ba7142c3fbd3072509ca7b5', 0, 15),
(216, '自1501', 1501150113, '李浩', 1, '320723199504204217', '18751808787', '1936299159@qq.com', '', '1e3cba1b36b47cd5f5d5bd2ca368d838', 0, 15),
(217, '自1501', 1501150114, '李劲松', 1, '410323199611271538', '15751836394', '2530845382@qq.com', '', '0402309e62fba717266501dbbfb0cb40', 0, 15),
(218, '自1501', 1501150115, '李庆祥', 1, '450924199707056839', '15852910285', '1327802416@qq.com', '', '71e72e0d4479ce5d923a47746a0bff5f', 0, 15),
(219, '自1501', 1501150116, '刘英明', 1, '622626199502015312', '18351806191', '1334645471@qq.com', '', '6fde858327495babd7abb2b5cd0a4a78', 0, 15),
(220, '自1501', 1501150117, '孟庆可', 1, '371521199704040911', '18752091928', '1830222756@qq.com', '', 'b010b0082e1a3425c7b04bbbe86bf8bc', 0, 15),
(221, '自1501', 1501150118, '裴文斌', 1, '62050319961110673X', '18795800928', '1138513918@qq.com', '', '40136434ac5537377646f30655278bf5', 0, 15),
(222, '自1501', 1501150119, '邵端天', 1, '341881199707177013', '13302821090', '1551640639@qq.com', '', '06c74e326db173ee6b5d029215708ef4', 0, 15),
(223, '自1501', 1501150120, '时召扬', 1, '320722199511052630', '18752018181', '627482230@qq.com', '', 'c9c343676d2369a3c52622434473d5e9', 0, 15),
(224, '自1501', 1501150121, '孙李', 1, '340321199611052772', '18751800185', '1490559657@qq.com', '', 'a1aa173cf504a40fab02727eea65c50f', 0, 15),
(225, '自1501', 1501150122, '陶洋', 1, '320602199706095912', '18761808128', '827742250@qq.com', '', 'b07a211856c4f096aafb59d6fa09df22', 0, 15),
(226, '自1501', 1501150123, '汪孙儒', 1, '341881199701142231', '15850751919', '1341447627@qq.com', '', '9c2856efa32cf81b05e9ed15fa8c524a', 0, 15),
(227, '自1501', 1501150124, '王润宏', 1, '469024199702260815', '18761607578', '1227963787@qq.com', '', 'f046eb0675bd81ffd9831df85744a2bb', 0, 15),
(228, '自1501', 1501150125, '吴忠卫', 1, '320324199606053274', '18752090868', '394784270@qq.com', '', 'e24cca58bdc46256718b6a83cd07804b', 0, 15),
(229, '自1501', 1501150126, '徐洛冬', 1, '370523199702020011', '18752012383', '645785057@qq.com', '', '94fd43df90d6782ec7011fc2c6fbad24', 0, 15),
(230, '自1501', 1501150127, '许文赛', 1, '412725199408161858', '18761605005', '495760319@qq.com', '', 'fb2c74868d448cc0a9faa328f4488768', 0, 15),
(231, '自1501', 1501150128, '杨建东', 1, '320924199704136893', '18751977308', '914785931@qq.com', '', '297fedd78f1f9ad1ae74d72e2d513b22', 0, 15),
(232, '自1501', 1501150129, '杨兴坤', 1, '520221199011190619', '18795907366', '1798225154@qq.com', '', 'f2903cb489f88b3574f9bf5de19c6963', 0, 15),
(233, '自1501', 1501150130, '张晨', 1, '140411199703040459', '15895927106', '454837061@qq.com', '', '6429f32ba286af69a9523640d4b77d38', 0, 15),
(234, '自1501', 1501150131, '张鹏', 1, '320481199707115414', '18761607321', '1242589022@qq.com', '', '375269af99f5dcd0dece9278d88649c6', 0, 15),
(235, '自1501', 1501150132, '朱雪源', 1, '642221199512180370', '18761608366', '1554326441@qq.com', '', 'f1116cda09fd64ce23408bf9319579ff', 0, 15),
(236, '自1502', 1501150201, '秦瑶', 0, '320324199602255688', '15651898951', '870539559@qq.com', '', 'f85f05ccdcd00ab47d614196bb0e9d45', 0, 15),
(237, '自1502', 1501150202, '邵越', 0, '320113199707302428', '18761606199', 'shaoyue2015@126.com', '', '794af9f9e8ffb36309fc0fa5ceaaba14', 0, 15),
(238, '自1502', 1501150203, '陈宇鑫', 1, '330183199610272411', '18761806698', '1165405193@qq.com', '', '3699eddb167109636350680a9a5f82a0', 0, 15),
(239, '自1502', 1501150204, '程博豪', 1, '342522199704222119', '18795909298', 'www.952017695@qq.com', '', '999004107faf3db0643618881bf01875', 0, 15),
(240, '自1502', 1501150205, '黄昱扬', 1, '450821199611101418', '15951610717', '378476564@qq.com', '', 'b19edee66e9284a89fb6c5f379fa2eb9', 0, 15),
(241, '自1502', 1501150206, '季顺松', 1, '441900199701241097', '18795906566', '778071675@qq.com', '', 'ea26a573ae908a3790704659bb0a8fd1', 0, 15),
(242, '自1502', 1501150207, '李佳林', 1, '220182199702270016', '13792080160', '48044685@qq.com', '', 'd9f68abcffd987f90adb34ec8a7e4625', 0, 15),
(243, '自1502', 1501150208, '李战', 1, '320723199703185696', '18751979298', '1248895247@qq.com', '', 'c8814cd572dfc41af96f99b63983b5a2', 0, 15),
(244, '自1502', 1501150209, '刘传顺', 1, '320721199610012814', '15951653795', '1183810556@qq.com', '', '1963dc92454868c79aa5cc07a13c4f18', 0, 15),
(245, '自1502', 1501150210, '刘吕吕', 1, '522227199509144417', '18351806305', '2458821054@qq.com', '', 'd2b1caa2ae778c45cca57501e016cb5c', 0, 15),
(246, '自1502', 1501150211, '刘闻', 1, '445102199605101919', '18752018328', '397152797@qq.com', '', '24b0404a5c4caa0f92b26650c1a8ca6f', 0, 15),
(247, '自1502', 1501150212, '刘宇韬', 1, '140105199506240511', '18761603299', '847268962@qq.com', '', '4597cceeda4889314d5127a9f092a621', 0, 15),
(248, '自1502', 1501150213, '刘远河', 1, '522501199507157639', '18722785632', '1174437880@qq.com', '', '5c246631fba7ef5e70229c738e2347da', 0, 15),
(249, '自1502', 1501150214, '柳亮', 1, '321081199601217817', '18751978868', 'www.316115723@qq.com', '', '8b61a1df2da5e012c9fbe38aa0c020ce', 0, 15),
(250, '自1502', 1501150215, '曲振阳', 1, '411325199710123550', '18795803123', '1577217824@qq.com', '', 'e7916eafa18f6aac47c8f4c453d8cc88', 0, 15),
(251, '自1502', 1501150216, '邵亚辉', 1, '642224199604264212', '18761805898', '1647082287@qq.com', '', '87d19ce774c73e8f98466d40f5ce5315', 0, 15),
(252, '自1502', 1501150217, '沈东', 1, '34012119970619641x', '18351806637', '1321625953@qq.com', '', '7ba8d4537f6295b424d4032b6115bad5', 0, 15),
(253, '自1502', 1501150218, '石亚飞', 1, '622726199807161498', '15380408679', '15380408679@189.cn', '', '00fa7c234c03d1adbfe69942412968d5', 0, 15),
(254, '自1502', 1501150219, '王进', 1, '320922199609071718', '15651898963', '1501474120@qq.com', '', 'c1f730ebf17589d26fa0facfd41d03d5', 0, 15),
(255, '自1502', 1501150220, '王启', 1, '320321199706182613', '18751496106', '1587516255@qq.com', '', '7bbfd381cc2113a6cf16f67359f3f235', 0, 15),
(256, '自1502', 1501150221, '王庭鹏', 1, '460002199510275274', '15850753529', '1084074385@qq.com', '', '531ed20fd7157a8e9d1921d6028f1f90', 0, 15),
(257, '自1502', 1501150222, '王雪松', 1, '620121199612121916', '15850751212', '294487798@qq.com', '', 'd3d636d91164e7abd23c4d80046725be', 0, 15),
(258, '自1502', 1501150223, '魏朋', 1, '320321199508107030', '18751976562', '619050540@qq.com', '', '6d6c12089f45c597f36f3f3fd684b0da', 0, 15),
(259, '自1502', 1501150224, '武琳丰', 1, '130433199609190019', '18351806200', '249361900@qq.com', '', '11be3b3c2c3bc9ba0476f55f8c65d7c9', 0, 15),
(260, '自1502', 1501150225, '杨超', 1, '330108199711150931', '18752092868', '809501468@qq.com', '', 'd7b77254b12666d637b1045e56bef02e', 0, 15),
(261, '自1502', 1501150226, '杨成健', 1, '142633199605101212', '13835747619', '1471531849@qq.com', '', 'ba850a68302dda8d421e6800871b3f9a', 0, 15),
(262, '自1502', 1501150227, '姚云翔', 1, '32050319970303201X', '18751806665', '1902165120@qq.com', '', '28c7e14c65249fe638f15eae88b7daa2', 0, 15),
(263, '自1502', 1501150228, '张林林', 1, '411481199704217231', '18362086380', '2937134212@qq.com', '', '53e22148a36e7bb1524bd7a01d387c54', 0, 15),
(264, '自1502', 1501150229, '张侣', 1, '522423199604207311', '15195816410', '1336039926@qq.com', '', 'dd19def5668d49ff9d8271a3a6a4753e', 0, 15),
(265, '自1502', 1501150230, '周博文', 1, '320722199611300531', '15850752360', '834395907@qq.com', '', '57e4282cd4fa93879a4096e9de7f5e4a', 0, 15),
(266, '自1502', 1501150231, '周雪鹏', 1, '410522199612041114', '18761809566', 'www.2214827656@qq.com', '', 'dea95e29792ba943b5ae71632a5afc5c', 0, 15),
(267, '测控1501', 1503150101, '曹永芳', 0, '320683199704271562', '15850752529', '755102823@qq.com', '', 'aa7063d0f940b28cc49fc5cd465c7bf5', 1, 15),
(268, '测控1501', 1503150102, '陈莹', 0, '350322199512174369', '18795870370', '1162217737@qq.com', '', '981aca4c3d8f474fad017994824f0738', 0, 15),
(269, '测控1501', 1503150103, '丁海静', 0, '320621199711227325', '18751977099', '2224790971@qq.com', '', 'a3b98274b915152731cc4f9332e4b2d3', 0, 15),
(270, '测控1501', 1503150104, '黄敏', 0, '320681199802063828', '18761605766', '18761605766@139.com', '', '05b499dbf75fe57b87dd072912e67bdb', 0, 15),
(271, '测控1501', 1503150105, '李佳磊', 0, '320684199610096421', '18752018058', '1131322781@qq.com', '', 'eea68ba22a38597916eab992ce7bc307', 0, 15),
(272, '测控1501', 1503150106, '李嘉欣', 0, '140108199712185540', '18751800150', '无', '', '4cfabe4180d381f0052a80b558c75f49', 0, 15),
(273, '测控1501', 1503150107, '孙晨暄', 0, '130528199801106029', '15094463869', '1095126907@qq.com', '', '96a21c19f02f788fd48c3f12fe41eb35', 0, 15),
(274, '测控1501', 1503150108, '吴玉婷', 0, '445322199511055567', '18752010697', '275366948@qq.com', '', '78382146ff9a0a92f3a99890c9b6c0fd', 0, 15),
(275, '测控1501', 1503150109, '安天宇', 1, '211282199701100810', '13062556572', '928836337@qq.com', '', 'b771577ee1f51000c1703ff451cb3f4a', 0, 15),
(276, '测控1501', 1503150110, '陈龙', 1, '412829199609283617', '15651749675', '1848304713@qq.com', '', '89ce2abd767e51472c3b42966d3cf886', 0, 15),
(277, '测控1501', 1503150111, '陈彦名', 1, '430523199605302515', '18761805225', '837918238@qq.com', '', 'cd563eb07f52977e69601f8b02d81a19', 0, 15),
(278, '测控1501', 1503150112, '陈洋', 1, '510923199806174419', '18761600789', '1733780017@qq.com', '', 'b74f1ad82a9b3248e5aab68cd59bf8a9', 0, 15),
(279, '测控1501', 1503150113, '代晓俊', 1, '342422199608013872', '15951653752', '1244880381@qq.com', '', '6201535bfa580fed9604c06e38a25934', 0, 15),
(280, '测控1501', 1503150114, '丁淦', 1, '320981199509205491', '18751807866', '541719063@qq.com', '', 'c4150ddfeec8a50448f737929cff7572', 0, 15),
(281, '测控1501', 1503150115, '霍志浩', 1, '140521199611039416', '15951655125', '15951655125@qq.com', '', 'a85f95d157d3b1ae8bc98e0ea3532652', 0, 15),
(282, '测控1501', 1503150116, '蒋天启', 1, '620502199606243135', '18068823659', '1215476490@qq.com', '', '99e401bacc7dbd36c0129e2d7812d720', 0, 15),
(283, '测控1501', 1503150117, '李子天', 1, '320703199612260018', '18751803789', '785395564@qq.com', '', 'b0db86f7aa559ae85c276d56d0463123', 0, 15),
(284, '测控1501', 1503150118, '刘倍宏', 1, '211223199706031412', '18795805335', 'liubeihongtielin@.vip.qq.com', '', '903ae35871239a191318c6ead31c6099', 0, 15),
(285, '测控1501', 1503150119, '刘意', 1, '370102199705120612', '15951655095', '764997690@qq.com', '', 'dcbfd6d278f627179f033ba2b1f821a7', 0, 15),
(286, '测控1501', 1503150120, '马者威龙', 1, '130106199707152416', '18751803232', '895961554@qq.com', '', '2fbfdae6c0ba09519ebe8a75c6b24a3c', 0, 15),
(287, '测控1501', 1503150121, '孙伟斌', 1, '41030519951112401X', '18795805608', 'm15137933286@126.com', '', 'd1f9bcbeda8f0af557326e0ccd48ba13', 0, 15),
(288, '测控1501', 1503150122, '孙逸舟', 1, '321181199710310418', '15651906616', '1594293255@qq.com', '', '02a8e28084aacca4274bbe8f21f6a448', 0, 15),
(289, '测控1501', 1503150123, '汪梦龙', 1, '430522199610101412', '18751977070', '913900506@qq.com', '', 'f35cbfe4e41b503076c1a7583f298316', 0, 15),
(290, '测控1501', 1503150124, '吴健', 1, '340823199711272916', '17760879286', '1531953113@qq.com', '', '4ecd0f8b8c8458bd5319c5d34dd94cb8', 0, 15),
(291, '测控1501', 1503150125, '夏维新', 1, '342622199603046457', '17756082702', '1364385167@qq.com', '', '7a68558f58ae8afe4735f9937d9e0cc0', 0, 15),
(292, '测控1501', 1503150126, '詹文博', 1, '331081199610273011', '18751971115', '840055628@qq.com', '', '629c7a4b003fbb24e9d369e0eb59dbb2', 0, 15),
(293, '测控1501', 1503150127, '张恒滔', 1, '530424199701041014', '18795803008', '603269989@qq.com', '', '8abc51517695302aaa4d3caa1ff346bf', 0, 15),
(294, '测控1501', 1503150128, '张兴骞', 1, '620421199502025516', '18751976609', '742650146@qq.com', '', 'bad5cee022260da2a4fafdff8fd579f0', 0, 15),
(295, '测控1501', 1503150129, '张正彬', 1, '653101199603012016', '15739553962', '1505514500@qq.com', '', '93caaa6de5a50da024c0074be25a9311', 0, 15),
(296, '测控1502', 1503150201, '郭昕君', 0, '350500199703238049', '18859518993', 'xxxcynthia@icloud.com', '', 'c87da14393c05b9213d84295462289d3', 0, 15),
(297, '测控1502', 1503150202, '胡叶', 0, '320522199704227328', '15850752710', '602864636@qq.com', '', '29253d7db799e7d654200efd465b571c', 0, 15),
(298, '测控1502', 1503150203, '雷继萍', 0, '410622199703190049', '18761602399', '3250573993@qq.com', '', '1940fa1f85f02578e0c8ea6ecd25ae28', 0, 15),
(299, '测控1502', 1503150204, '刘白云', 0, '500102199707244568', '15951653833', '382526654@qq.com', '', '61cd49c61fc5f44ba1fdf5b18052590d', 0, 15),
(300, '测控1502', 1503150205, '吴雅静', 0, '140203199707190429', '15951611907', '984427855@qq.com', '', 'aafbb4f6dc04f6cff3c79641b250dbf8', 0, 15),
(301, '测控1502', 1503150206, '徐碧云', 0, '321283199709277620', '18362086356', '476735878@qq.com', '', '46dd529586cbda75a6fd7cb6e7f4729a', 0, 15),
(302, '测控1502', 1503150207, '张倩', 0, '140829199612270027', '18752092328', '773697681@qq.com', '', '6bdbe427a20e6e6d07b199dfe653c376', 0, 15),
(303, '测控1502', 1503150208, '朱斐悦', 0, '321088199610173400', '18752010630', '1505220686@qq.com', '', '1a1a30afaf12e5918a51b4c20930dc16', 0, 15),
(304, '测控1502', 1503150209, '丁豪', 1, '142726199709140015', '18761608880', '530212057@qq.com', '', 'bfefab0f0c30c77c3a3c9b85bd9be6da', 0, 15),
(305, '测控1502', 1503150210, '丰晋东', 1, '140622199604193310', '13753084014', '1121154736@qq.com', '', '56e9a745bf1e2ec1de4e91cf1665cb70', 0, 15),
(306, '测控1502', 1503150211, '贾晓鸣', 1, '622826199711130617', '18751976296', '997044907@qq.com', '', '61c9833cf5fdd9ddafd9c2247535df7e', 0, 15),
(307, '测控1502', 1503150212, '李东杰', 1, '410185199602249855', '18351806392', '1609922525@qq.com', '', '9925c4be894acb8f34205b71f28fa5aa', 0, 15),
(308, '测控1502', 1503150213, '李权津', 1, '230602199710151735', '18752093939', '1445691541@qq.com', '', '71a441c837a6330c541e84b8ef430012', 0, 15),
(309, '测控1502', 1503150214, '李昕', 1, '532129199602060014', '13062550081', '364556917@qq.com', '', '79e6afa3ca699f4f69518f3e62f3daf8', 0, 15),
(310, '测控1502', 1503150215, '刘春嘉', 1, '210603199709242018', '13062556583', 'alphang1974@foxmail.com', '', '22f2355e56e76d44ec03d8ee721e7750', 0, 15),
(311, '测控1502', 1503150216, '浦昊阳', 1, '321181199704140213', '18752015528', '564496606@qq.com', '', '31c98b37b0260f656fe5971cfa69185a', 0, 15),
(312, '测控1502', 1503150217, '沈运强', 1, '340121199603104332', '18761607771', '1390604917@qq.com', '', '6e2bb9c360ecae8fcf736e68363b15af', 0, 15),
(313, '测控1502', 1503150218, '汤海', 1, '430521199703084950', '18761601718', '1538249766@qq.com', '', '1ab0dc081ab56e99566cf5f00fff7538', 0, 15),
(314, '测控1502', 1503150219, '唐睿杰', 1, '650202199702181615', '18795906366', '510617138@qq.com', '', 'ec28a207c28e74be3067e9620a6d712c', 0, 15),
(315, '测控1502', 1503150220, '童文斌', 1, '34082319960910211x', '15951655167', '15951655167@qq.com', '', 'ae9a3bcd95b16f017ea628aca7aa5b2e', 0, 15),
(316, '测控1502', 1503150221, '王帆', 1, '331003199708230512', '18752092121', '824703789@qq.com', '', '550b2e77f3296c4309dea47fb34fffd1', 0, 15),
(317, '测控1502', 1503150222, '王佳伟', 1, '320321199511293858', '18351806693', '1778703426@qq.com', '', 'f0116b6c5a3fd4a80081987fa2873db1', 0, 15),
(318, '测控1502', 1503150223, '夏金鹏', 1, '320121199704210034', '18913391559', '1421222321@qq.com', '', '0fb3dcbbb67f47e6a0cf1c45f3d241cc', 0, 15),
(319, '测控1502', 1503150224, '姚鹏', 1, '62010219961018501X', '18761807979', '864851273@qq.com', '', 'a4519f6f9ba11940af01df8982d1482d', 0, 15),
(320, '测控1502', 1503150225, '张良承', 1, '370724199709300013', '18765738594', '1139276183@qq.com', '', 'f3ba1d90f6bc086f3c3b9f025ea981c8', 0, 15),
(321, '测控1502', 1503150226, '张逸伦', 1, '331023199707040317', '18351806250', '996815475@qq.com', '', '8eebc3a68e7c1270bbd7671aaaa4048f', 0, 15),
(322, '测控1502', 1503150227, '周庆', 1, '320481199705100833', '13601597415', '1262530638@qq.com', '', '5429260ef4d4c66441979400a517fe0e', 0, 15),
(323, '测控1502', 1503150228, '朱衍霖', 1, '370982199608071316', '15850753066', '2827887497@qq.com', '', 'a02bc92ef8afbb7e8a9f523bf16526ba', 0, 15),
(324, '测控1502', 1503150229, '朱钰', 1, '41282819970406183X', '18761807099', '1545855235@qq.com', '', '4b916891ab27212d9dda0c5c4d9ce70a', 0, 15),
(325, '电气1501', 1502150101, '任书慧', 0, '140109199710221022', '15333684886', '360167160@qq.com', '', 'c3822a7685de3547f5008e0681728c0e', 0, 15),
(326, '电气1501', 1502150102, '王逸', 0, '320681199802081444', '13862879920', '2218442153@qq.com', '', 'fb9d09abdb08b5ec09e45d3f005f46a3', 0, 15),
(327, '电气1501', 1502150103, '吴欣红', 0, '450421199509012521', '18351806177', '1135481239@qq.com', '', '0f97a6df3ab5e134a94fea005289852f', 0, 15),
(328, '电气1501', 1502150104, '陈家源', 1, '350702199705014739', '17721578505', '511204913@qq.com', '', '29911af52b5756f75b45a40a1b25dc1a', 0, 15),
(329, '电气1501', 1502150105, '陈俊生', 1, '371526199701080813', '15951845097', '457936959@qq.com', '', '5da00b228576bac7f542bd1659886b58', 0, 15),
(330, '电气1501', 1502150106, '凡鑫', 1, '320981199704252218', '13401793182', '528640391@qq.com', '', '185c40983593cb8c02316d6b2009bebc', 0, 15);
INSERT INTO `tp_stubase` (`id`, `stuclass`, `stuid`, `stuname`, `sex`, `idcard`, `phone`, `email`, `teacher`, `password`, `flag`, `nj`) VALUES
(331, '电气1501', 1502150107, '范冬楼', 1, '320683199712227019', '15851279578', '1213874631@qq.com', '', '0381d6d6de338b7488e1f03b646b3088', 0, 15),
(332, '电气1501', 1502150108, '冯佳期', 1, '330602199704181050', '18751973987', '871587893@qq.com', '', '42738296301d7f9eacf4323e35687295', 0, 15),
(333, '电气1501', 1502150109, '黄富幸', 1, '320681199707245818', '18752019198', '1721319171@qq.com', '', '6d773132155b6fd5152d6d82cdea4733', 0, 15),
(334, '电气1501', 1502150110, '赖光前', 1, '45092419970421511X', '18795800199', '2521334053@qq.com', '', 'c403787f0948d723c419f766008e04aa', 0, 15),
(335, '电气1501', 1502150111, '赖宇生', 1, '412826199610100313', '18362086369', '804741453@qq.com', '', '33c12eceda4246e6566d7386dc12b208', 0, 15),
(336, '电气1501', 1502150112, '雷皓森', 1, '513022199611294194', '18761807208', '752702804@qq.com', '', 'c0e88d90bdf4c8618b9900f0869339d2', 0, 15),
(337, '电气1501', 1502150113, '李京伦', 1, '120109199611117015', '18795909566', '874868504@qq.com', '', 'df392c9e0f135e955e2e3902ee3a196b', 0, 15),
(338, '电气1501', 1502150114, '李志强', 1, '421181199706029475', '18752091771', '1399509918@QQ.com', '', '6c94ea4ca46e370b45b9e9a3e0af461f', 0, 15),
(339, '电气1501', 1502150115, '梁宇', 1, '32092319970630601X', '18751807366', '1025768131@qq.com', '', 'b03c074d8146c9c7857fe31f0ab63f54', 0, 15),
(340, '电气1501', 1502150116, '马劲', 1, '321281199705047614', '18752090966', '909005762@qq.com', '', '7a410a7eb521713d8042ed71d803734a', 0, 15),
(341, '电气1501', 1502150117, '沈思路', 1, '321284199610181211', '13312136030', '1209583732@qq.com', '', 'f762bd91ad2fefdf5278207cbde5e767', 0, 15),
(342, '电气1501', 1502150118, '孙超凡', 1, '341125199705080374', '18751806378', '2910615791@qq.com', '', '9b62eaf7e2d1dea93b98a67df5d7112d', 0, 15),
(343, '电气1501', 1502150119, '唐雨生', 1, '340521199612034411', '15951652996', '342637607@qq.com', '', 'c691fad6b3461334936ff02d9eb97e26', 0, 15),
(344, '电气1501', 1502150120, '王青云', 1, '340102199707262010', '15951606257', '986436270@qq.com', '', '645debe446d98ecf7a7cf04eb5093a75', 0, 15),
(345, '电气1501', 1502150121, '王仁广', 1, '460004199508294030', '17714391090', '2464058928@qq.com', '', '0128aff616506d6283790e047a798dd4', 0, 15),
(346, '电气1501', 1502150122, '王一诺', 1, '14273319970921003X', '15951653775', '793825684@qq.com', '', '21b8ce40259c5f853b2350002376e170', 0, 15),
(347, '电气1501', 1502150123, '魏玮', 1, '370523199611130012', '18761603858', '861141542@qq.com', '', 'b697682d5bc11451820dc1657b3a6a68', 0, 15),
(348, '电气1501', 1502150124, '魏子轩', 1, '522732199709060013', '18752091628', '1227633022@qq.com', '', '68ed65e3fa0e8c3295d4edacce69f496', 0, 15),
(349, '电气1501', 1502150125, '肖嘉成', 1, '522222199612190014', '15951652939', '872326385@qq.com', '', '82c444f47e586b4fe6de3c31f5c49c66', 0, 15),
(350, '电气1501', 1502150126, '杨强', 1, '622201199602165415', '18761603335', '779772694@qq.com', '', 'cee9840a1e7c977e32723c96e2a829c8', 0, 15),
(351, '电气1501', 1502150127, '应泽航', 1, '330724199610105413', '18752099123', '912946337@qq.com', '', '8d8fbf4e32dd6783643985b25d8fefd4', 0, 15),
(352, '电气1501', 1502150128, '余文杰', 1, '140321199606111216', '18351806162', '970858575@qq.com', '', 'd4bdff08b4e22460ba53c0e036bca360', 0, 15),
(353, '电气1501', 1502150129, '赵明', 1, '620102199612095317', '18761605268', '782590116@qq.com', '', '8c97c6833f9c660d19540cbd1fc19f01', 0, 15),
(354, '电气1501', 1502150130, '朱若朴', 1, '220621199712110010', '15651746898', '849493284@qq.com', '', 'f454698d2bfa26bf38cf1e485c22fe55', 0, 15),
(355, '电气1502', 1502150201, '嵇雪丽', 0, '320826199708220221', '15651898590', '1144316813@qq.com', '', '591138257fd0b88fa8665e1c04342b02', 0, 15),
(356, '电气1502', 1502150202, '李颖业', 0, '532901199608242027', '15951606261', '2781048309@qq.com', '', '8e311436abde46303ee8fa60aebb9038', 0, 15),
(357, '电气1502', 1502150204, '蔡兴贵', 1, '460006199705088714', '18751972552', '1042346378@qq.com', '', 'cd764dade58419386bda93c007dc7fc1', 0, 15),
(358, '电气1502', 1502150205, '曹晏彰', 1, '210211199801030913', '13062556557', 'caoyanzhang2@163.com', '', 'e933f5e6bd21b47ad3612383354e67b6', 0, 15),
(359, '电气1502', 1502150206, '陈浩', 1, '330226199609160015', '18761609368', '934775061@qq.com', '', '7576db370e5230f31e28feca9e2d2af1', 0, 15),
(360, '电气1502', 1502150207, '陈伟民', 1, '35078319941208351X', '18752011298', '1522918981@qq.com', '', '4e24a985124c04fcbd88a0d8c735fbb3', 0, 15),
(361, '电气1502', 1502150208, '范涛', 1, '152601199611110618', '18752098686', '569077930@qq.com', '', 'e1cbaf34ba93d3ad746ea1bd563cf0a7', 0, 15),
(362, '电气1502', 1502150209, '付军辉', 1, '34162119970815211X', '13851625705', '540061624@qq.com', '', '1b5e0a76270d235902ad8cc9c624adc6', 0, 15),
(363, '电气1502', 1502150210, '耿俊杰', 1, '32011319961120361X', '15366124526', '1951886758@qq.com', '', '4a75c67466b5c0837141cb67f5d1e665', 0, 15),
(364, '电气1502', 1502150211, '顾成杰', 1, '320483199702200954', '15850753629', '632250679@qq.com', '', '813105842f3d10c5c52914f53bb89438', 0, 15),
(365, '电气1502', 1502150212, '侯顺顺', 1, '522228199411141716', '18795802308', '1803958985@qq.com', '', '40dc0a2e715ad1a0a6a073802d5cf9c5', 0, 15),
(366, '电气1502', 1502150213, '胡天辰', 1, '110105199610249537', '18761805299', '1207877323@qq.com', '', 'cfd210376c70d026bd82d52559f0e864', 0, 15),
(367, '电气1502', 1502150214, '黄金宝', 1, '321322199708174438', '18362086267', 'adszdf@outlook.com', '', '9cb8d84fcefc60736f012bab4343f650', 0, 15),
(368, '电气1502', 1502150215, '李博文', 1, '622301199510016434', '18761808398', '1013584733@qq.com', '', '061a0af6b8dd9e534dbc789a1625dd41', 0, 15),
(369, '电气1502', 1502150216, '李建业', 1, '130826199606275314', '18068827836', '1940145658@qq.com', '', '0469472ff32c723083e2132ed265a78f', 0, 15),
(370, '电气1502', 1502150217, '李铭哲', 1, '14098119980828005X', '18351806573', '704959053@qq.com', '', '06e795f9433ed494df67b7bdde179811', 0, 15),
(371, '电气1502', 1502150218, '陆圣豪', 1, '340103199612253011', '18751803566', '1052465889@qq.com', '', '96871a615eb94ccc497f888f1db5fd08', 0, 15),
(372, '电气1502', 1502150219, '马臻勋', 1, '330424199612190010', '18752099278', '769149515@qq.com', '', '1aecc03f200b5e572ab52304c3c10827', 0, 15),
(373, '电气1502', 1502150220, '缪猛', 1, '530125199604170818', '18761606987', '1608749400@qq.com', '', 'c3b4aeef6320cfdd51a7cda17841ac85', 0, 15),
(374, '电气1502', 1502150221, '尚浩然', 1, '320104199609242832', '13770821169', '785921601@qq.com', '', '70747d2b06473d5722cb34d7c46ac3a0', 0, 15),
(375, '电气1502', 1502150222, '宋晓华', 1, '420624199703308312', '18795908278', '1242732454@qq.com', '', '2a01040985fa1fb846f56b740d4bb1d1', 0, 15),
(376, '电气1502', 1502150223, '孙宇晟', 1, '32010719961008501x', '18013891654', '897165403@qq.com', '', '655ee1e6659b5cd9ebcbefc4a79ec853', 0, 15),
(377, '电气1502', 1502150224, '王丁丑', 1, '340825199711020279', '18069786476', '1442494103@qq.com', '', 'f3b18b1dbee8659301cbbb98b92bff7c', 0, 15),
(378, '电气1502', 1502150225, '王金涛', 1, '41272119960103031X', '18761809696', '475437032@qq.com', '', '65ebab0055a2bee7d964c9d8f6a2cc09', 0, 15),
(379, '电气1502', 1502150226, '王润泽', 1, '370305199707125310', '18751970578', '894850461@QQ.com', '', '96352407783cc07efd683fbcc673d318', 0, 15),
(380, '电气1502', 1502150227, '王世博', 1, '460027199708100039', '18351805685', 'www.360319174@qq.com', '', '419c7254956d763cde8891b26f6f1cc8', 0, 15),
(381, '电气1502', 1502150228, '吴中孚', 1, '450204199612170010', '18752093336', '326646217@qq.com', '', 'b57c8e12aa88a99131026b8561d94725', 0, 15),
(382, '电气1502', 1502150229, '张飒', 1, '32072319961230483X', '18752011958', '2091364814@qq.com', '', '7ea4f1a79ebecc2de9021a0803db5ac5', 0, 15),
(383, '电气1502', 1502150230, '赵龙峰', 1, '620422199408021136', '18068825071', '1634023479@qq.com', '', 'ffd93186ca888e80ea742effcf7428b8', 0, 15),
(384, '电气1503', 1502150301, '陆湘楠', 0, '21010219970318604x', '13614031371', '673541769@qq.com', '', '890dc6e16a2ac3e0562e34155dd31c23', 0, 15),
(385, '电气1503', 1502150302, '马骞', 0, '620103199609292623', '18752010387', '1239243583@qq.com', '', 'b6a5f3adc8b08161951fe19ca2af544c', 0, 15),
(386, '电气1503', 1502150303, '武静', 0, '410522199607292461', '18761608078', '644752675@qq.com', '', '8dac0b47ad34006e6fd99d62f30a9253', 0, 15),
(387, '电气1503', 1502150304, '陈鹏飞', 1, '622421199612255218', '18761803799', '841944792@qq.com', '', '11eab67454579f25a2ed056c50f8970c', 0, 15),
(388, '电气1503', 1502150305, '樊卓杨', 1, '142724199610122156', '13062555236', '811365920@qq.com', '', '49992764488b94fd74e50cb9506262cc', 0, 15),
(389, '电气1503', 1502150306, '顾杰', 1, '321281199705295335', '18751979191', '1260081078@qq.com', '', 'b2e4b8769fec6350f06a76d68bc3a19f', 0, 15),
(390, '电气1503', 1502150307, '嵇道祥', 1, '321323199606245115', '18752010366', '2860216580@qq.com', '', '11c3463376df86ecc692e27dd55e33d7', 0, 15),
(391, '电气1503', 1502150308, '李一鸣', 1, '520113199702210417', '18351806587', '964818035@qq.com', '', 'f1400fefc5aa8acec428881d63ae6060', 0, 15),
(392, '电气1503', 1502150309, '李又卓', 1, '120223199608093115', '18730610149', '827364948@qq.com', '', '45a4f0be8850f7c0b77f2768ff45485e', 0, 15),
(393, '电气1503', 1502150310, '刘杰', 1, '370281199612094938', '18761601866', '1050409839@qq.com', '', '60dbfe11477fdb7d543bd2f8c224722e', 0, 15),
(394, '电气1503', 1502150311, '梅康', 1, '522528199612233613', '15850750909', '1247895593@qq.com', '', 'd579ff35e168c385694bcb3fd6afd653', 0, 15),
(395, '电气1503', 1502150312, '寿开元', 1, '330681199606295498', '18752015567', '1065911990@qq.com', '', '2ef11381f8902aa3861f29399fa1b937', 0, 15),
(396, '电气1503', 1502150313, '唐沁珂', 1, '320211199705203410', '15850755086', '809940974@qq.com', '', 'ebb4675973892cc1a287deb4aceaa047', 0, 15),
(397, '电气1503', 1502150314, '陶醉', 1, '320682199603032195', '18752015968', '404790429@qq.com', '', 'f33919a1fb0af3fe6ac547426f1fd29c', 0, 15),
(398, '电气1503', 1502150315, '王川', 1, '321023199609214617', '18752015656', '1275552944@qq.com', '', 'fd7addb4cacf017ed57fa872ca8f092b', 0, 15),
(399, '电气1503', 1502150316, '王敏', 1, '460200199712010037', '15261822669', '274232302@qq.com', '', '694017ea23e7151318a8973fb4859fb2', 0, 15),
(400, '电气1503', 1502150317, '王世震', 1, '220521199609254811', '15951655011', '1636588181@qq.com', '', 'f1def694ae1f5553c80d94fabd41898a', 0, 15),
(401, '电气1503', 1502150318, '王顺理', 1, '320106199703102417', '18761605928', 'shunliwang902@163.com', '', 'f283e29f13befa11e063199490de8cc0', 0, 15),
(402, '电气1503', 1502150319, '魏天昊', 1, '130902199707191210', '18795801968', '747552169@qq.com', '', '29e2a9343623a38dba07b599ab684b9d', 0, 15),
(403, '电气1503', 1502150320, '吴京周', 1, '350821199607133632', '15850759123', '806612662@qq.com', '', '97d9cd3c4293609345778739e8adcadf', 0, 15),
(404, '电气1503', 1502150321, '武洁', 1, '34240119971206941X', '18919765480', '2634271240@qq.com', '', 'f6ecac700e6b8efe70c6cf8078c94625', 0, 15),
(405, '电气1503', 1502150322, '徐冠中', 1, '152722199701027372', '18761809668', '976202638@qq.com', '', '24f13397b73c98f51a8954e51f3ffb16', 0, 15),
(406, '电气1503', 1502150323, '杨绍锋', 1, '45080319961229639X', '18751800313', '1120456297@qq.com', '', 'e369aacfb199035b7c68b8e2689bd162', 0, 15),
(407, '电气1503', 1502150324, '章春晖', 1, '320682199703147475', '15850756580', '1359328044@qq.com', '', '0ce1a692cd89ba9303559cb09c9d2b35', 0, 15),
(408, '电气1503', 1502150325, '章翔', 1, '430602199708052516', '18795800770', '249915900@qq.com', '', '343013cdd5ed8fce3bd968ed9dd80f40', 0, 15),
(409, '电气1503', 1502150326, '赵益南', 1, '331002199611112011', '13456494622', '519185487@qq.com', '', '82952e0e2752f26944ccde8ae666559f', 0, 15),
(410, '电气1503', 1502150327, '赵振荣', 1, '530324199711130736', '15187901561', '2845879577@qq.com', '', 'd08f92a1217ac3b1b22093ef6e4c986f', 0, 15),
(411, '电气1503', 1502150328, '朱江楠', 1, '412723199702053433', '18362086276', '1278009006@qq.com', '', 'c7f810e3855df6fd72288637e5cd4ce7', 0, 15),
(412, '电智1501', 1504150101, '黄玉婷', 0, '32068219971102896X', '15261809785', '624839780@qq.com', '', 'ece8efb5866cf091407008d8e715ac7d', 0, 15),
(413, '电智1501', 1504150102, '孔仪', 0, '320125199703073328', '18260073712', 'kongyi_zzz@163.com', '', '14ae490dd1c7bb837f1cdec08b43e871', 0, 15),
(414, '电智1501', 1504150103, '王婷婷', 0, '320981199707095967', '18761806099', '33893524@qq.com', '', 'aa26e6e1dea24393062f425066c13e18', 0, 15),
(415, '电智1501', 1504150104, '杨慧蓉', 0, '320981199708262464', '18752096566', '2803700030@qq.com', '', 'ff352f634704ba206286cfe0a11604f0', 0, 15),
(416, '电智1501', 1504150105, '杨敏', 0, '321088199701183401', '18752099266', '1159746695@qq.com', '', '4e43cffd0f068e8bc0b1f05811a91f13', 0, 15),
(417, '电智1501', 1504150106, '周颖', 0, '320923199610193321', '18752090330', '760831038@qq.com', '', 'cd6cf547084e37728c02a722261dccd4', 0, 15),
(418, '电智1501', 1504150107, '储呈煜', 1, '320621199702012816', '13347802036', '2536480815@QQ.com', '', '4c4fcf04e77cb54a9ca7f77821d1cc91', 0, 15),
(419, '电智1501', 1504150108, '单智雄', 1, '320882199508223816', '18752011708', '1152585139@qq.com', '', 'd43bafb10eb57e39fe844d29e5106ef4', 0, 15),
(420, '电智1501', 1504150109, '丁瑞', 1, '320107199611232616', '18851763299', '1772399847@qq.com', '', '1767fc2ce1f20759addb12a69b4e2b3a', 0, 15),
(421, '电智1501', 1504150110, '葛威', 1, '32132219950714681X', '18752013998', '2653352545@qq.com', '', '3d550d77fe50a7b82b54131832f9b5e2', 0, 15),
(422, '电智1501', 1504150111, '季经纬', 1, '321088199709085558', '18001596780', '624097760@qq.com', '', 'ef70d22a90dcb05c4b22f142a135f1ae', 0, 15),
(423, '电智1501', 1504150112, '李金涛', 1, '320281199703171012', '13338157622', '840810354@qq.com', '', 'c6dff24ae5f38baceea4cf67dc410ce0', 0, 15),
(424, '电智1501', 1504150113, '林嘉恒', 1, '320281199611064519', '18751805552', '837877730@qq.com', '', 'e3af277a7f66456d1719333796654a08', 0, 15),
(425, '电智1501', 1504150114, '林志峰', 1, '320123199707084611', '18751806958', '784878134@qq.com', '', 'a3e168b5600aa9aeefe433b226868d56', 0, 15),
(426, '电智1501', 1504150115, '时鑫', 1, '321081199703271515', '18751978928', '1312632407@qq.com', '', 'bebfaeb9c899874e3890daf9c00050b3', 0, 15),
(427, '电智1501', 1504150116, '孙梦江', 1, '320582199708227313', '18351806112', '787201435@qq.com', '', 'd7a5f7989391ef27c244628e235794ab', 0, 15),
(428, '电智1501', 1504150117, '唐家尧', 1, '321182199701034315', '18351806517', 'Y517092842@QQ.COM', '', '7a4e7524542b658f77d5599e9a2ff020', 0, 15),
(429, '电智1501', 1504150118, '王杰', 1, '321088199607143956', '18751971508', '1430259971@qq.com', '', '8769d8758115b9fbd643ebda0c0a8896', 0, 15),
(430, '电智1501', 1504150119, '王楷文', 1, '320107199702120812', '18013341997', '781472576@qq.com', '', 'ddc5e1847542b213fd79d477de73e5ea', 0, 15),
(431, '电智1501', 1504150120, '王龙雨', 1, '320721199610240657', '18752012766', '1466101900@qq.com', '', '9704cd69becedcd3949c7c303a0a516e', 0, 15),
(432, '电智1501', 1504150121, '徐金龙', 1, '320623199609148615', '18751976598', '496361535@qq.com', '', '1118f5bebfbb59ba21c83e8ca49e6681', 0, 15),
(433, '电智1501', 1504150122, '徐洋', 1, '321281199801237290', '18761800128', '1278467499@qq.com', '', '80ee3a5f4e892d64676c9927c29d359e', 0, 15),
(434, '电智1501', 1504150123, '颜文秀', 1, '321284199708014411', '18795870255', '2432117245@qq.com', '', '2c65a50312d64e7262e825478453a319', 0, 15),
(435, '电智1501', 1504150124, '殷浩', 1, '320981199802213490', '18761809218', '2919835860@qq.com', '', 'a2d18686cb2b44a92fc75da60d556ba4', 0, 15),
(436, '电智1501', 1504150125, '张震', 1, '320722199402272618', '18351806133', '904856681@qq.com', '', '78843478023df117226202825b52996d', 0, 15),
(437, '电智1501', 1504150126, '赵子威', 1, '321324199703220055', '15850755726', '77695373@qq.com', '', '4d8445076effffa118406af8e3a199e6', 0, 15),
(438, '电智1501', 1504150127, '周孜恒', 1, '321081199608270012', '18351806680', '572335202@qq.com', '', '73957804cc613c523bf0243b9ea9a100', 0, 15),
(439, '电智1501', 1504150128, '朱驰', 1, '32132219951008025X', '15850751719', '294873689@qq.com', '', '4c22b7bb517304ee07bc0865ba838b46', 0, 15),
(440, '电智1501', 1504150129, '朱赛杰', 1, '320683199609278010', '18751801236', '916492312@qq.com', '', 'a37e7c102b82d0d505257e8de2f71ec1', 0, 15),
(441, '电智1502', 1504150201, '茅越', 0, '320112199709101623', '18351806586', '1044001845@qq.com', '', 'a62e20650e4616e1a21cea330bca2861', 0, 15),
(442, '电智1502', 1504150202, '王藤蓉', 0, '321283199611299020', '18751971766', '609740227@qq.com', '', '01bda3ff54f93d0659448f2b583636a6', 0, 15),
(443, '电智1502', 1504150203, '殷红', 0, '321281199712215348', '15951653563', 'xhlczcyh@126.com', '', '1ac4b2b87097c20ae040e1172c707d0b', 0, 15),
(444, '电智1502', 1504150204, '赵娟娟', 0, '32072319951223386X', '15951655092', '1512530732@qq.com', '', 'a3c167c9489cde0f089ca20010a3092a', 0, 15),
(445, '电智1502', 1504150205, '朱雅倩', 0, '321088199611247547', '18351805982', '550403714@qq.com', '', 'b383c569b0bc7dcc145a668a26d3f3a7', 0, 15),
(446, '电智1502', 1504150206, '蔡威', 1, '321023199706175613', '18761802858', '1550267451@qq.com', '', '058d9d301662c63340bdad2873562267', 0, 15),
(447, '电智1502', 1504150207, '丁徐哲', 1, '320281199701130778', '18761605668', '1017936994@qq.com', '', 'e5b6ef7175ef71f576fa0e7c7cd71f39', 0, 15),
(448, '电智1502', 1504150208, '蒋济远', 1, '320902199705163019', '18761809658', '1362736512@qq.com', '', '44153cfa40496218fc29c9cc85bbe25a', 0, 15),
(449, '电智1502', 1504150209, '马骑龙', 1, '32132419960721101x', '18751971890', '75905279@qq.com', '', '79944c53175647aa09e772552cf025b1', 0, 15),
(450, '电智1502', 1504150210, '梅晨昊', 1, '320114199703253311', '18118990397', 'meichenhao@vip.qq.com', '', 'f87612137da25609c65d9ce8c430b621', 0, 15),
(451, '电智1502', 1504150211, '裘鹏飞', 1, '320821199702234516', '18351805990', '2249910477@qq.com', '', 'b19269f972d4fe1107671da9411938f4', 0, 15),
(452, '电智1502', 1504150212, '史卫军', 1, '320411199612192215', '18752017578', '546301366@qq.com', '', '4d9b9f5da50de2ec1bdee134c0ab6590', 0, 15),
(453, '电智1502', 1504150213, '王邦兴', 1, '321081199705168415', '15951611775', '793138973@qq.com', '', '8e02ef68303380f85fde719b53d24edd', 0, 15),
(454, '电智1502', 1504150214, '王静', 1, '522423199610245314', '18751972958', '2414272947@qq.com', '', 'edefd38660a5379a3e55874e65ff8aca', 0, 15),
(455, '电智1502', 1504150215, '王添宇', 1, '320303199708270411', '18351806069', '452443579@qq.com', '', '413ef23c585215d72c0d3cca881fc95a', 0, 15),
(456, '电智1502', 1504150216, '王旭昌', 1, '321281199506025818', '18351805763', '526622929@qq.com', '', '27bc8d37750fafd45ed442ec1162733a', 0, 15),
(457, '电智1502', 1504150217, '王者', 1, '321321199609286219', '18251970628', '1527575760@qq.com', '', '32789cb9616637d57da91e4f41f313a3', 0, 15),
(458, '电智1502', 1504150218, '熊志轶', 1, '321282199708070031', '18751809218', '903171686@qq.com', '', '0746b7183759ead23ed67fead4da48ae', 0, 15),
(459, '电智1502', 1504150219, '徐铖', 1, '320483199509250933', '18752012118', '1667154347@qq.com', '', 'f7ed06e3f989bfb8dd76020230f110a5', 0, 15),
(460, '电智1502', 1504150220, '徐相会', 1, '320684199612200034', '18351806685', '775697288@qq.com', '', '2ed56fba507e8a81a1f70f0fcd2706f9', 0, 15),
(461, '电智1502', 1504150221, '姚光辉', 1, '32062119961004751X', '18751979528', '1290310400@qq.com', '', 'cbff63cc8699f093c5c022c5c89db53d', 0, 15),
(462, '电智1502', 1504150222, '袁少秋', 1, '320621199708120711', '15850752902', '836585969@qq.com', '', '503a8a6596a639510e1d66b50c4d8a05', 0, 15),
(463, '电智1502', 1504150223, '翟继宇', 1, '320323199706162017', '18351806727', '11037229637@qq.com', '', '856c4da81fdc6af3cb3fbfad7c20d8c9', 0, 15),
(464, '电智1502', 1504150224, '张程伟', 1, '320623199710198115', '18752093958', '1019061536@qq.com', '', 'c30d56125c86bb45d0854aaedf78834e', 0, 15),
(465, '电智1502', 1504150225, '张拓展', 1, '320682199710177170', '18751972566', '2055844945@qq.com', '', '3741a93e77a949be5e8d191c205ffadd', 0, 15),
(466, '电智1502', 1504150226, '张政', 1, '320621199611136338', '18751978758', '2572678794@qq.com', '', 'f9dd33f2e53168f442b24119cb5cd24e', 0, 15),
(467, '电智1502', 1504150227, '郑晔明', 1, '320802199704202017', '18795870686', '1228817572@qq.com', '', 'caa8b5b9aa95c171696544714d889225', 0, 15),
(468, '电智1502', 1504150228, '朱嘉舣', 1, '320281199701090016', '18751800295', '372918901@qq.com', '', 'f9df94e0112af70d4730940bca51f424', 0, 15),
(469, '电智1502', 1504150229, '左彤', 1, '320902199708273010', '18068864827', '978044621@qq.com', '', '7c79ed5b82e3468f0732e444d39f1762', 0, 15),
(470, '自1501', 1501150101, '陈雨薇', 0, '320125199702050044', '13327717680', '13327717680@163.com', '', '2c8264ce34589ac1cd6f3d733f12ac71', 0, 15),
(471, '自1501', 1501150102, '马兵', 0, '411328199708084643', '18761607098', '1026656511@qq.com', '', 'f11a5adc92acf370f1d34fb874408432', 0, 15),
(472, '自1501', 1501150103, '王梦凡', 0, '130683199801107320', '18752019278', '1194218615@qq.com', '', '6c82c609294af8c0e38d4422a4573a93', 0, 15),
(473, '自1501', 1501150104, '陈帅琪', 1, '330724199707280015', '15850750878', '735442273@qq.com', '', 'a3a6c15eab172f47ea0bc2c414fb35b8', 0, 15),
(474, '自1501', 1501150105, '邓廷进', 1, '522228199412163298', '18761803308', '827399298@qq.com', '', '1dd60a701e6d2d3163d4076c2426d921', 0, 15),
(475, '自1501', 1501150106, '丁文龙', 1, '320123199710101013', '18751803321', '2660963470@qq.com', '', '6b61eb3123986e41344446ed7142e194', 0, 15),
(476, '自1501', 1501150107, '樊泽宇', 1, '140108199605243610', '18761809228', '179978006@qq.com', '', '00ddf63b3c5996b7352250f55b04f32d', 0, 15),
(477, '自1501', 1501150108, '冯威', 1, '522124199609220857', '18585744067', '1341781525@qq.com', '', 'db24c289221a48036ab168a943a58262', 0, 15),
(478, '自1501', 1501150109, '官泽民', 1, '33052319960430251X', '18752095966', '296958861@qq.com', '', '41aa8c9e1d0ddb89d0722ef15b9728ba', 0, 15),
(479, '自1501', 1501150110, '胡恒督', 1, '320324199604153271', '18752012112', '619678828@qq.com', '', 'bec8f4866d126ac48c05cb504576f2ba', 0, 15),
(480, '自1501', 1501150111, '季伟', 1, '321282199705112013', '18362086289', '995028406@qq.com', '', '6281af4b50c606cb3e32aaccf55dcf6a', 0, 15),
(481, '自1501', 1501150112, '李德阳', 1, '460102199702012415', '15852911910', '296686869@qq.com', '', '1cafaae36ba7142c3fbd3072509ca7b5', 0, 15),
(482, '自1501', 1501150113, '李浩', 1, '320723199504204217', '18751808787', '1936299159@qq.com', '', '1e3cba1b36b47cd5f5d5bd2ca368d838', 0, 15),
(483, '自1501', 1501150114, '李劲松', 1, '410323199611271538', '15751836394', '2530845382@qq.com', '', '0402309e62fba717266501dbbfb0cb40', 0, 15),
(484, '自1501', 1501150115, '李庆祥', 1, '450924199707056839', '15852910285', '1327802416@qq.com', '', '71e72e0d4479ce5d923a47746a0bff5f', 0, 15),
(485, '自1501', 1501150116, '刘英明', 1, '622626199502015312', '18351806191', '1334645471@qq.com', '', '6fde858327495babd7abb2b5cd0a4a78', 0, 15),
(486, '自1501', 1501150117, '孟庆可', 1, '371521199704040911', '18752091928', '1830222756@qq.com', '', 'b010b0082e1a3425c7b04bbbe86bf8bc', 0, 15),
(487, '自1501', 1501150118, '裴文斌', 1, '62050319961110673X', '18795800928', '1138513918@qq.com', '', '40136434ac5537377646f30655278bf5', 0, 15),
(488, '自1501', 1501150119, '邵端天', 1, '341881199707177013', '13302821090', '1551640639@qq.com', '', '06c74e326db173ee6b5d029215708ef4', 0, 15),
(489, '自1501', 1501150120, '时召扬', 1, '320722199511052630', '18752018181', '627482230@qq.com', '', 'c9c343676d2369a3c52622434473d5e9', 0, 15),
(490, '自1501', 1501150121, '孙李', 1, '340321199611052772', '18751800185', '1490559657@qq.com', '', 'a1aa173cf504a40fab02727eea65c50f', 0, 15),
(491, '自1501', 1501150122, '陶洋', 1, '320602199706095912', '18761808128', '827742250@qq.com', '', 'b07a211856c4f096aafb59d6fa09df22', 0, 15),
(492, '自1501', 1501150123, '汪孙儒', 1, '341881199701142231', '15850751919', '1341447627@qq.com', '', '9c2856efa32cf81b05e9ed15fa8c524a', 0, 15),
(493, '自1501', 1501150124, '王润宏', 1, '469024199702260815', '18761607578', '1227963787@qq.com', '', 'f046eb0675bd81ffd9831df85744a2bb', 0, 15),
(494, '自1501', 1501150125, '吴忠卫', 1, '320324199606053274', '18752090868', '394784270@qq.com', '', 'e24cca58bdc46256718b6a83cd07804b', 0, 15),
(495, '自1501', 1501150126, '徐洛冬', 1, '370523199702020011', '18752012383', '645785057@qq.com', '', '94fd43df90d6782ec7011fc2c6fbad24', 0, 15),
(496, '自1501', 1501150127, '许文赛', 1, '412725199408161858', '18761605005', '495760319@qq.com', '', 'fb2c74868d448cc0a9faa328f4488768', 0, 15),
(497, '自1501', 1501150128, '杨建东', 1, '320924199704136893', '18751977308', '914785931@qq.com', '', '297fedd78f1f9ad1ae74d72e2d513b22', 0, 15),
(498, '自1501', 1501150129, '杨兴坤', 1, '520221199011190619', '18795907366', '1798225154@qq.com', '', 'f2903cb489f88b3574f9bf5de19c6963', 0, 15),
(499, '自1501', 1501150130, '张晨', 1, '140411199703040459', '15895927106', '454837061@qq.com', '', '6429f32ba286af69a9523640d4b77d38', 0, 15),
(500, '自1501', 1501150131, '张鹏', 1, '320481199707115414', '18761607321', '1242589022@qq.com', '', '375269af99f5dcd0dece9278d88649c6', 0, 15),
(501, '自1501', 1501150132, '朱雪源', 1, '642221199512180370', '18761608366', '1554326441@qq.com', '', 'f1116cda09fd64ce23408bf9319579ff', 0, 15),
(502, '自1502', 1501150201, '秦瑶', 0, '320324199602255688', '15651898951', '870539559@qq.com', '', 'f85f05ccdcd00ab47d614196bb0e9d45', 0, 15),
(503, '自1502', 1501150202, '邵越', 0, '320113199707302428', '18761606199', 'shaoyue2015@126.com', '', '794af9f9e8ffb36309fc0fa5ceaaba14', 0, 15),
(504, '自1502', 1501150203, '陈宇鑫', 1, '330183199610272411', '18761806698', '1165405193@qq.com', '', '3699eddb167109636350680a9a5f82a0', 0, 15),
(505, '自1502', 1501150204, '程博豪', 1, '342522199704222119', '18795909298', 'www.952017695@qq.com', '', '999004107faf3db0643618881bf01875', 0, 15),
(506, '自1502', 1501150205, '黄昱扬', 1, '450821199611101418', '15951610717', '378476564@qq.com', '', 'b19edee66e9284a89fb6c5f379fa2eb9', 0, 15),
(507, '自1502', 1501150206, '季顺松', 1, '441900199701241097', '18795906566', '778071675@qq.com', '', 'ea26a573ae908a3790704659bb0a8fd1', 0, 15),
(508, '自1502', 1501150207, '李佳林', 1, '220182199702270016', '13792080160', '48044685@qq.com', '', 'd9f68abcffd987f90adb34ec8a7e4625', 0, 15),
(509, '自1502', 1501150208, '李战', 1, '320723199703185696', '18751979298', '1248895247@qq.com', '', 'c8814cd572dfc41af96f99b63983b5a2', 0, 15),
(510, '自1502', 1501150209, '刘传顺', 1, '320721199610012814', '15951653795', '1183810556@qq.com', '', '1963dc92454868c79aa5cc07a13c4f18', 0, 15),
(511, '自1502', 1501150210, '刘吕吕', 1, '522227199509144417', '18351806305', '2458821054@qq.com', '', 'd2b1caa2ae778c45cca57501e016cb5c', 0, 15),
(512, '自1502', 1501150211, '刘闻', 1, '445102199605101919', '18752018328', '397152797@qq.com', '', '24b0404a5c4caa0f92b26650c1a8ca6f', 0, 15),
(513, '自1502', 1501150212, '刘宇韬', 1, '140105199506240511', '18761603299', '847268962@qq.com', '', '4597cceeda4889314d5127a9f092a621', 0, 15),
(514, '自1502', 1501150213, '刘远河', 1, '522501199507157639', '18722785632', '1174437880@qq.com', '', '5c246631fba7ef5e70229c738e2347da', 0, 15),
(515, '自1502', 1501150214, '柳亮', 1, '321081199601217817', '18751978868', 'www.316115723@qq.com', '', '8b61a1df2da5e012c9fbe38aa0c020ce', 0, 15),
(516, '自1502', 1501150215, '曲振阳', 1, '411325199710123550', '18795803123', '1577217824@qq.com', '', 'e7916eafa18f6aac47c8f4c453d8cc88', 0, 15),
(517, '自1502', 1501150216, '邵亚辉', 1, '642224199604264212', '18761805898', '1647082287@qq.com', '', '87d19ce774c73e8f98466d40f5ce5315', 0, 15),
(518, '自1502', 1501150217, '沈东', 1, '34012119970619641x', '18351806637', '1321625953@qq.com', '', '7ba8d4537f6295b424d4032b6115bad5', 0, 15),
(519, '自1502', 1501150218, '石亚飞', 1, '622726199807161498', '15380408679', '15380408679@189.cn', '', '00fa7c234c03d1adbfe69942412968d5', 0, 15),
(520, '自1502', 1501150219, '王进', 1, '320922199609071718', '15651898963', '1501474120@qq.com', '', 'c1f730ebf17589d26fa0facfd41d03d5', 0, 15),
(521, '自1502', 1501150220, '王启', 1, '320321199706182613', '18751496106', '1587516255@qq.com', '', '7bbfd381cc2113a6cf16f67359f3f235', 0, 15),
(522, '自1502', 1501150221, '王庭鹏', 1, '460002199510275274', '15850753529', '1084074385@qq.com', '', '531ed20fd7157a8e9d1921d6028f1f90', 0, 15),
(523, '自1502', 1501150222, '王雪松', 1, '620121199612121916', '15850751212', '294487798@qq.com', '', 'd3d636d91164e7abd23c4d80046725be', 0, 15),
(524, '自1502', 1501150223, '魏朋', 1, '320321199508107030', '18751976562', '619050540@qq.com', '', '6d6c12089f45c597f36f3f3fd684b0da', 0, 15),
(525, '自1502', 1501150224, '武琳丰', 1, '130433199609190019', '18351806200', '249361900@qq.com', '', '11be3b3c2c3bc9ba0476f55f8c65d7c9', 0, 15),
(526, '自1502', 1501150225, '杨超', 1, '330108199711150931', '18752092868', '809501468@qq.com', '', 'd7b77254b12666d637b1045e56bef02e', 0, 15),
(527, '自1502', 1501150226, '杨成健', 1, '142633199605101212', '13835747619', '1471531849@qq.com', '', 'ba850a68302dda8d421e6800871b3f9a', 0, 15),
(528, '自1502', 1501150227, '姚云翔', 1, '32050319970303201X', '18751806665', '1902165120@qq.com', '', '28c7e14c65249fe638f15eae88b7daa2', 0, 15),
(529, '自1502', 1501150228, '张林林', 1, '411481199704217231', '18362086380', '2937134212@qq.com', '', '53e22148a36e7bb1524bd7a01d387c54', 0, 15),
(530, '自1502', 1501150229, '张侣', 1, '522423199604207311', '15195816410', '1336039926@qq.com', '', 'dd19def5668d49ff9d8271a3a6a4753e', 0, 15),
(531, '自1502', 1501150230, '周博文', 1, '320722199611300531', '15850752360', '834395907@qq.com', '', '57e4282cd4fa93879a4096e9de7f5e4a', 0, 15),
(532, '自1502', 1501150231, '周雪鹏', 1, '410522199612041114', '18761809566', 'www.2214827656@qq.com', '', 'dea95e29792ba943b5ae71632a5afc5c', 0, 15);

-- --------------------------------------------------------

--
-- 表的结构 `tp_stuitem`
--

CREATE TABLE IF NOT EXISTS `tp_stuitem` (
  `id` int(11) NOT NULL AUTO_INCREMENT,
  `stuid` int(11) NOT NULL,
  `stuclass` varchar(32) NOT NULL COMMENT '班级',
  `stuname` varchar(32) NOT NULL COMMENT '姓名',
  `teacher` varchar(32) NOT NULL COMMENT '导师',
  `nj` int(11) NOT NULL COMMENT '年级',
  `ktxx` float NOT NULL COMMENT '课堂学习',
  `kwjz` float NOT NULL COMMENT '课外讲座',
  `zwzx` float NOT NULL COMMENT '早晚自习',
  `rjjw` float NOT NULL COMMENT '人际交往',
  `tydl` float NOT NULL COMMENT '体育锻炼',
  `kjcx` float NOT NULL COMMENT '科技创新',
  `swyx` float NOT NULL COMMENT '上网游戏',
  `nwws` float NOT NULL COMMENT '内务卫生',
  `sthd` varchar(32) NOT NULL COMMENT '社团活动',
  `week` int(8) NOT NULL COMMENT '周次',
  `xq` int(4) NOT NULL COMMENT '星期数',
  `term` int(4) NOT NULL COMMENT '学期',
  `year` varchar(32) NOT NULL COMMENT '学年',
  `today` date NOT NULL COMMENT '时间填报日期',
  PRIMARY KEY (`id`),
  KEY `stuid` (`stuid`)
) ENGINE=MyISAM  DEFAULT CHARSET=utf8 AUTO_INCREMENT=25 ;

--
-- 转存表中的数据 `tp_stuitem`
--

INSERT INTO `tp_stuitem` (`id`, `stuid`, `stuclass`, `stuname`, `teacher`, `nj`, `ktxx`, `kwjz`, `zwzx`, `rjjw`, `tydl`, `kjcx`, `swyx`, `nwws`, `sthd`, `week`, `xq`, `term`, `year`, `today`) VALUES
(1, 1503150101, '测控1501', '曹永芳', '易阳', 15, 1, 1, 2, 1, 1, 1, 2, 6, '5', 19, 4, 1, '2015-2016', '2016-02-18'),
(2, 1503150101, '测控1501', '曹永芳', '易阳', 15, 1, 2, 2, 3, 2, 1, 2, 6, '5', 23, 4, 1, '2015-2016', '2016-02-04'),
(3, 1503150101, '测控1501', '曹永芳', '易阳', 15, 3, 1, 1, 3, 2, 3, 1, 1, '0', 19, 1, 1, '2015-2016', '2016-02-01'),
(4, 1503150101, '测控1501', '曹永芳', '易阳', 15, 0, 1, 1, 3, 1, 3, 1, 1, '0', 19, 5, 1, '2015-2016', '2016-01-01'),
(5, 1503150102, '测控1501', '陈莹', '谢明', 15, 3, 4, 1, 3, 6, 1, 0, 0, '0', 19, 5, 1, '2015-2016', '2016-01-01'),
(6, 1503150102, '测控1501', '陈莹', '谢明', 15, 2, 0, 3, 4, 2, 0, 1, 2, '3', 19, 6, 1, '2015-2016', '2016-01-02'),
(7, 1503150102, '测控1501', '陈莹', '谢明', 15, 1, 1, 2, 1, 1, 2, 0, 0, '3', 19, 7, 1, '2015-2016', '2016-01-03'),
(8, 1503150102, '测控1501', '陈莹', '谢明', 15, 2, 0, 0, 0, 0, 0, 2, 1, '1', 19, 1, 1, '2015-2016', '2016-01-04'),
(9, 1503150102, '测控1501', '陈莹', '谢明', 15, 2, 1, 1, 2, 1, 1, 3, 1, '1', 19, 1, 1, '2015-2016', '2016-01-05'),
(10, 1503150102, '测控1501', '陈莹', '谢明', 15, 1, 2, 0, 0, 4, 0, 3, 1, '2', 19, 3, 1, '2015-2016', '2016-01-06'),
(11, 1503150102, '测控1501', '陈莹', '谢明', 15, 2, 1, 2, 1, 0, 1, 1, 1, '3', 20, 5, 1, '2015-2016', '2016-01-08'),
(12, 1503150101, '测控1501', '曹永芳', '易阳', 15, 2, 1, 1, 1, 0, 0, 0, 0, '0', 20, 5, 1, '2015-2016', '2016-01-08'),
(13, 1405140121, '计软1401', '王安宇', '', 14, 3, 2, 1, 1, 0, 1, 1, 0, '1', 25, 6, 1, '2015-2016', '2016-02-20'),
(14, 1503150102, '测控1501', '陈莹', '谢明', 15, 1, 2, 2, 0, 1, 0, 0, 0, '1', 20, 2, 2, '2015-2016', '2016-07-05'),
(15, 1503150101, '测控1501', '曹永芳', '易阳', 15, 0, 0, 1, 0, 0, 0, 0, 0, '0', 20, 2, 2, '2015-2016', '2016-07-05'),
(16, 1503150101, '测控1501', '曹永芳', '易阳', 15, 0, 0, 0, 0, 0, 0, 0, 0, '2', 20, 3, 2, '2015-2016', '2016-07-06'),
(17, 1503150102, '测控1501', '陈莹', '谢明', 15, 1, 2, 0, 1, 2, 1, 2, 1, '1', 20, 4, 2, '2015-2016', '2016-07-07'),
(18, 1503150101, '测控1501', '曹永芳', '易阳', 15, 1, 2, 1, 2, 1, 1, 1, 0, '2', 20, 4, 2, '2015-2016', '2016-07-07'),
(19, 1503150103, '测控1501', '丁海静', '张兴华', 15, 1, 2, 2, 1, 1, 2, 2, 1, '4', 20, 4, 2, '2015-2016', '2016-07-07'),
(20, 1503150113, '测控1501', '代晓俊', '王丽华', 15, 1, 1, 2, 2, 2, 1, 2, 3, '1', 20, 4, 2, '2015-2016', '2016-07-07'),
(21, 1503150113, '测控1501', '代晓俊', '王丽华', 15, 1, 2, 2, 2, 2, 2, 2, 2, '1', 20, 5, 2, '2015-2016', '2016-07-08'),
(22, 1503150126, '测控1501', '詹文博', '王丽华', 15, 0, 1, 2, 3, 4, 5, 6, 7, '8', 20, 5, 2, '2015-2016', '2016-07-08'),
(23, 1503150101, '测控1501', '曹永芳', '易阳', 15, 0, 0, 3, 0, 0, 3, 0, 0, '0', 20, 5, 2, '2015-2016', '2016-07-08'),
(24, 1503150101, '测控1501', '曹永芳', '易阳', 15, 1, 1, 2, 2, 1, 1, 2, 2, '1', 27, 5, 2, '2015-2016', '2016-08-26');

-- --------------------------------------------------------

--
-- 表的结构 `tp_termtime`
--

CREATE TABLE IF NOT EXISTS `tp_termtime` (
  `id` int(11) NOT NULL,
  `years` varchar(32) NOT NULL COMMENT '学年',
  `term` int(11) NOT NULL COMMENT '学期',
  `starttime` date NOT NULL COMMENT '开学日期',
  `endtime` date NOT NULL COMMENT '结束日期',
  PRIMARY KEY (`id`)
) ENGINE=MyISAM DEFAULT CHARSET=utf8 COMMENT='开学时间设置';

--
-- 转存表中的数据 `tp_termtime`
--

INSERT INTO `tp_termtime` (`id`, `years`, `term`, `starttime`, `endtime`) VALUES
(0, '2015-2016', 1, '2015-08-31', '2016-01-15'),
(1, '2015-2016', 2, '2016-02-22', '2016-07-08');

/*!40101 SET CHARACTER_SET_CLIENT=@OLD_CHARACTER_SET_CLIENT */;
/*!40101 SET CHARACTER_SET_RESULTS=@OLD_CHARACTER_SET_RESULTS */;
/*!40101 SET COLLATION_CONNECTION=@OLD_COLLATION_CONNECTION */;
